-- MySQL dump 10.13  Distrib 5.1.50, for Win32 (ia32)
--
-- Host: localhost    Database: publisher
-- ------------------------------------------------------
-- Server version	5.1.50-community

/*!40101 SET @OLD_CHARACTER_SET_CLIENT=@@CHARACTER_SET_CLIENT */;
/*!40101 SET @OLD_CHARACTER_SET_RESULTS=@@CHARACTER_SET_RESULTS */;
/*!40101 SET @OLD_COLLATION_CONNECTION=@@COLLATION_CONNECTION */;
/*!40101 SET NAMES utf8 */;
/*!40103 SET @OLD_TIME_ZONE=@@TIME_ZONE */;
/*!40103 SET TIME_ZONE='+00:00' */;
/*!40014 SET @OLD_UNIQUE_CHECKS=@@UNIQUE_CHECKS, UNIQUE_CHECKS=0 */;
/*!40014 SET @OLD_FOREIGN_KEY_CHECKS=@@FOREIGN_KEY_CHECKS, FOREIGN_KEY_CHECKS=0 */;
/*!40101 SET @OLD_SQL_MODE=@@SQL_MODE, SQL_MODE='NO_AUTO_VALUE_ON_ZERO' */;
/*!40111 SET @OLD_SQL_NOTES=@@SQL_NOTES, SQL_NOTES=0 */;

--
-- Table structure for table `auth_group`
--

DROP TABLE IF EXISTS `auth_group`;
/*!40101 SET @saved_cs_client     = @@character_set_client */;
/*!40101 SET character_set_client = utf8 */;
CREATE TABLE `auth_group` (
  `id` int(11) NOT NULL AUTO_INCREMENT,
  `name` varchar(80) NOT NULL,
  PRIMARY KEY (`id`),
  UNIQUE KEY `name` (`name`)
) ENGINE=InnoDB DEFAULT CHARSET=utf8;
/*!40101 SET character_set_client = @saved_cs_client */;

--
-- Dumping data for table `auth_group`
--

LOCK TABLES `auth_group` WRITE;
/*!40000 ALTER TABLE `auth_group` DISABLE KEYS */;
/*!40000 ALTER TABLE `auth_group` ENABLE KEYS */;
UNLOCK TABLES;

--
-- Table structure for table `auth_group_permissions`
--

DROP TABLE IF EXISTS `auth_group_permissions`;
/*!40101 SET @saved_cs_client     = @@character_set_client */;
/*!40101 SET character_set_client = utf8 */;
CREATE TABLE `auth_group_permissions` (
  `id` int(11) NOT NULL AUTO_INCREMENT,
  `group_id` int(11) NOT NULL,
  `permission_id` int(11) NOT NULL,
  PRIMARY KEY (`id`),
  UNIQUE KEY `group_id` (`group_id`,`permission_id`),
  KEY `auth_group_permissions_425ae3c4` (`group_id`),
  KEY `auth_group_permissions_1e014c8f` (`permission_id`),
  CONSTRAINT `group_id_refs_id_3cea63fe` FOREIGN KEY (`group_id`) REFERENCES `auth_group` (`id`),
  CONSTRAINT `permission_id_refs_id_5886d21f` FOREIGN KEY (`permission_id`) REFERENCES `auth_permission` (`id`)
) ENGINE=InnoDB DEFAULT CHARSET=utf8;
/*!40101 SET character_set_client = @saved_cs_client */;

--
-- Dumping data for table `auth_group_permissions`
--

LOCK TABLES `auth_group_permissions` WRITE;
/*!40000 ALTER TABLE `auth_group_permissions` DISABLE KEYS */;
/*!40000 ALTER TABLE `auth_group_permissions` ENABLE KEYS */;
UNLOCK TABLES;

--
-- Table structure for table `auth_message`
--

DROP TABLE IF EXISTS `auth_message`;
/*!40101 SET @saved_cs_client     = @@character_set_client */;
/*!40101 SET character_set_client = utf8 */;
CREATE TABLE `auth_message` (
  `id` int(11) NOT NULL AUTO_INCREMENT,
  `user_id` int(11) NOT NULL,
  `message` longtext NOT NULL,
  PRIMARY KEY (`id`),
  KEY `auth_message_403f60f` (`user_id`),
  CONSTRAINT `user_id_refs_id_650f49a6` FOREIGN KEY (`user_id`) REFERENCES `auth_user` (`id`)
) ENGINE=InnoDB DEFAULT CHARSET=utf8;
/*!40101 SET character_set_client = @saved_cs_client */;

--
-- Dumping data for table `auth_message`
--

LOCK TABLES `auth_message` WRITE;
/*!40000 ALTER TABLE `auth_message` DISABLE KEYS */;
/*!40000 ALTER TABLE `auth_message` ENABLE KEYS */;
UNLOCK TABLES;

--
-- Table structure for table `auth_permission`
--

DROP TABLE IF EXISTS `auth_permission`;
/*!40101 SET @saved_cs_client     = @@character_set_client */;
/*!40101 SET character_set_client = utf8 */;
CREATE TABLE `auth_permission` (
  `id` int(11) NOT NULL AUTO_INCREMENT,
  `name` varchar(50) NOT NULL,
  `content_type_id` int(11) NOT NULL,
  `codename` varchar(100) NOT NULL,
  PRIMARY KEY (`id`),
  UNIQUE KEY `content_type_id` (`content_type_id`,`codename`),
  KEY `auth_permission_1bb8f392` (`content_type_id`),
  CONSTRAINT `content_type_id_refs_id_728de91f` FOREIGN KEY (`content_type_id`) REFERENCES `django_content_type` (`id`)
) ENGINE=InnoDB AUTO_INCREMENT=112 DEFAULT CHARSET=utf8;
/*!40101 SET character_set_client = @saved_cs_client */;

--
-- Dumping data for table `auth_permission`
--

LOCK TABLES `auth_permission` WRITE;
/*!40000 ALTER TABLE `auth_permission` DISABLE KEYS */;
INSERT INTO `auth_permission` VALUES (1,'Can add permission',1,'add_permission'),(2,'Can change permission',1,'change_permission'),(3,'Can delete permission',1,'delete_permission'),(4,'Can add group',2,'add_group'),(5,'Can change group',2,'change_group'),(6,'Can delete group',2,'delete_group'),(7,'Can add user',3,'add_user'),(8,'Can change user',3,'change_user'),(9,'Can delete user',3,'delete_user'),(10,'Can add message',4,'add_message'),(11,'Can change message',4,'change_message'),(12,'Can delete message',4,'delete_message'),(13,'Can add content type',5,'add_contenttype'),(14,'Can change content type',5,'change_contenttype'),(15,'Can delete content type',5,'delete_contenttype'),(16,'Can add session',6,'add_session'),(17,'Can change session',6,'change_session'),(18,'Can delete session',6,'delete_session'),(19,'Can add site',7,'add_site'),(20,'Can change site',7,'change_site'),(21,'Can delete site',7,'delete_site'),(22,'Can add log entry',8,'add_logentry'),(23,'Can change log entry',8,'change_logentry'),(24,'Can delete log entry',8,'delete_logentry'),(25,'Can add post',9,'add_post'),(26,'Can change post',9,'change_post'),(27,'Can delete post',9,'delete_post'),(28,'Can add vote',10,'add_vote'),(29,'Can change vote',10,'change_vote'),(30,'Can delete vote',10,'delete_vote'),(31,'Can add neg vote',11,'add_negvote'),(32,'Can change neg vote',11,'change_negvote'),(33,'Can delete neg vote',11,'delete_negvote'),(34,'Can add post image',12,'add_postimage'),(35,'Can change post image',12,'change_postimage'),(36,'Can delete post image',12,'delete_postimage'),(37,'Can add reply',13,'add_reply'),(38,'Can change reply',13,'change_reply'),(39,'Can delete reply',13,'delete_reply'),(40,'Can add level info',14,'add_levelinfo'),(41,'Can change level info',14,'change_levelinfo'),(42,'Can delete level info',14,'delete_levelinfo'),(43,'Can add profile',15,'add_profile'),(44,'Can change profile',15,'change_profile'),(45,'Can delete profile',15,'delete_profile'),(46,'Can add gallery',16,'add_gallery'),(47,'Can change gallery',16,'change_gallery'),(48,'Can delete gallery',16,'delete_gallery'),(49,'Can add gallery upload',17,'add_galleryupload'),(50,'Can change gallery upload',17,'change_galleryupload'),(51,'Can delete gallery upload',17,'delete_galleryupload'),(52,'Can add photo',18,'add_photo'),(53,'Can change photo',18,'change_photo'),(54,'Can delete photo',18,'delete_photo'),(55,'Can add photo effect',19,'add_photoeffect'),(56,'Can change photo effect',19,'change_photoeffect'),(57,'Can delete photo effect',19,'delete_photoeffect'),(58,'Can add watermark',20,'add_watermark'),(59,'Can change watermark',20,'change_watermark'),(60,'Can delete watermark',20,'delete_watermark'),(61,'Can add photo size',21,'add_photosize'),(62,'Can change photo size',21,'change_photosize'),(63,'Can delete photo size',21,'delete_photosize'),(64,'Can add watermark',22,'add_watermark'),(65,'Can change watermark',22,'change_watermark'),(66,'Can delete watermark',22,'delete_watermark'),(67,'Can add photo size',23,'add_photosize'),(68,'Can change photo size',23,'change_photosize'),(69,'Can delete photo size',23,'delete_photosize'),(70,'Can add post type',9,'add_posttype'),(71,'Can change post type',9,'change_posttype'),(72,'Can delete post type',9,'delete_posttype'),(73,'Can add product type',10,'add_producttype'),(74,'Can change product type',10,'change_producttype'),(75,'Can delete product type',10,'delete_producttype'),(76,'Can add post',11,'add_post'),(77,'Can change post',11,'change_post'),(78,'Can delete post',11,'delete_post'),(79,'Can add vote',12,'add_vote'),(80,'Can change vote',12,'change_vote'),(81,'Can delete vote',12,'delete_vote'),(82,'Can add neg vote',13,'add_negvote'),(83,'Can change neg vote',13,'change_negvote'),(84,'Can delete neg vote',13,'delete_negvote'),(85,'Can add post image',14,'add_postimage'),(86,'Can change post image',14,'change_postimage'),(87,'Can delete post image',14,'delete_postimage'),(88,'Can add reply',15,'add_reply'),(89,'Can change reply',15,'change_reply'),(90,'Can delete reply',15,'delete_reply'),(91,'Can add level info',16,'add_levelinfo'),(92,'Can change level info',16,'change_levelinfo'),(93,'Can delete level info',16,'delete_levelinfo'),(94,'Can add profile',17,'add_profile'),(95,'Can change profile',17,'change_profile'),(96,'Can delete profile',17,'delete_profile'),(97,'Can add gallery',18,'add_gallery'),(98,'Can change gallery',18,'change_gallery'),(99,'Can delete gallery',18,'delete_gallery'),(100,'Can add gallery upload',19,'add_galleryupload'),(101,'Can change gallery upload',19,'change_galleryupload'),(102,'Can delete gallery upload',19,'delete_galleryupload'),(103,'Can add photo',20,'add_photo'),(104,'Can change photo',20,'change_photo'),(105,'Can delete photo',20,'delete_photo'),(106,'Can add photo effect',21,'add_photoeffect'),(107,'Can change photo effect',21,'change_photoeffect'),(108,'Can delete photo effect',21,'delete_photoeffect'),(109,'Can add publisher',24,'add_publisher'),(110,'Can change publisher',24,'change_publisher'),(111,'Can delete publisher',24,'delete_publisher');
/*!40000 ALTER TABLE `auth_permission` ENABLE KEYS */;
UNLOCK TABLES;

--
-- Table structure for table `auth_user`
--

DROP TABLE IF EXISTS `auth_user`;
/*!40101 SET @saved_cs_client     = @@character_set_client */;
/*!40101 SET character_set_client = utf8 */;
CREATE TABLE `auth_user` (
  `id` int(11) NOT NULL AUTO_INCREMENT,
  `username` varchar(30) NOT NULL,
  `first_name` varchar(30) NOT NULL,
  `last_name` varchar(30) NOT NULL,
  `email` varchar(75) NOT NULL,
  `password` varchar(128) NOT NULL,
  `is_staff` tinyint(1) NOT NULL,
  `is_active` tinyint(1) NOT NULL,
  `is_superuser` tinyint(1) NOT NULL,
  `last_login` datetime NOT NULL,
  `date_joined` datetime NOT NULL,
  PRIMARY KEY (`id`),
  UNIQUE KEY `username` (`username`)
) ENGINE=InnoDB AUTO_INCREMENT=4 DEFAULT CHARSET=utf8;
/*!40101 SET character_set_client = @saved_cs_client */;

--
-- Dumping data for table `auth_user`
--

LOCK TABLES `auth_user` WRITE;
/*!40000 ALTER TABLE `auth_user` DISABLE KEYS */;
INSERT INTO `auth_user` VALUES (1,'fengxiao','','','47719381@qq.com','sha1$a9ed1$de5a2f2b3b258ed6bcbe61f8c8e2dc6bbedbbe2b',1,1,1,'2012-11-09 21:57:57','2012-08-08 22:57:00'),(2,'panduola','pan','duola','47719381@qq.com','sha1$07651$58618f8cf79b579d784b01198e3745589ffd9767',1,1,1,'2012-10-17 22:51:15','2012-08-11 14:54:30'),(3,'wangwei','wang','wei','328576762@qq.com','sha1$892e8$194432b7ecc89f6e520fedab85da4786fd664454',1,1,1,'2012-08-12 23:21:39','2012-08-12 23:18:15');
/*!40000 ALTER TABLE `auth_user` ENABLE KEYS */;
UNLOCK TABLES;

--
-- Table structure for table `auth_user_groups`
--

DROP TABLE IF EXISTS `auth_user_groups`;
/*!40101 SET @saved_cs_client     = @@character_set_client */;
/*!40101 SET character_set_client = utf8 */;
CREATE TABLE `auth_user_groups` (
  `id` int(11) NOT NULL AUTO_INCREMENT,
  `user_id` int(11) NOT NULL,
  `group_id` int(11) NOT NULL,
  PRIMARY KEY (`id`),
  UNIQUE KEY `user_id` (`user_id`,`group_id`),
  KEY `auth_user_groups_403f60f` (`user_id`),
  KEY `auth_user_groups_425ae3c4` (`group_id`),
  CONSTRAINT `group_id_refs_id_f116770` FOREIGN KEY (`group_id`) REFERENCES `auth_group` (`id`),
  CONSTRAINT `user_id_refs_id_7ceef80f` FOREIGN KEY (`user_id`) REFERENCES `auth_user` (`id`)
) ENGINE=InnoDB DEFAULT CHARSET=utf8;
/*!40101 SET character_set_client = @saved_cs_client */;

--
-- Dumping data for table `auth_user_groups`
--

LOCK TABLES `auth_user_groups` WRITE;
/*!40000 ALTER TABLE `auth_user_groups` DISABLE KEYS */;
/*!40000 ALTER TABLE `auth_user_groups` ENABLE KEYS */;
UNLOCK TABLES;

--
-- Table structure for table `auth_user_user_permissions`
--

DROP TABLE IF EXISTS `auth_user_user_permissions`;
/*!40101 SET @saved_cs_client     = @@character_set_client */;
/*!40101 SET character_set_client = utf8 */;
CREATE TABLE `auth_user_user_permissions` (
  `id` int(11) NOT NULL AUTO_INCREMENT,
  `user_id` int(11) NOT NULL,
  `permission_id` int(11) NOT NULL,
  PRIMARY KEY (`id`),
  UNIQUE KEY `user_id` (`user_id`,`permission_id`),
  KEY `auth_user_user_permissions_403f60f` (`user_id`),
  KEY `auth_user_user_permissions_1e014c8f` (`permission_id`),
  CONSTRAINT `permission_id_refs_id_67e79cb` FOREIGN KEY (`permission_id`) REFERENCES `auth_permission` (`id`),
  CONSTRAINT `user_id_refs_id_dfbab7d` FOREIGN KEY (`user_id`) REFERENCES `auth_user` (`id`)
) ENGINE=InnoDB AUTO_INCREMENT=1135 DEFAULT CHARSET=utf8;
/*!40101 SET character_set_client = @saved_cs_client */;

--
-- Dumping data for table `auth_user_user_permissions`
--

LOCK TABLES `auth_user_user_permissions` WRITE;
/*!40000 ALTER TABLE `auth_user_user_permissions` DISABLE KEYS */;
INSERT INTO `auth_user_user_permissions` VALUES (1036,2,1),(1038,2,2),(1037,2,3),(1040,2,4),(1039,2,5),(1042,2,6),(1041,2,7),(1044,2,8),(1043,2,9),(1051,2,10),(1050,2,11),(1046,2,12),(1045,2,13),(1056,2,14),(1048,2,15),(1057,2,16),(1047,2,17),(1069,2,18),(1058,2,19),(1024,2,20),(1025,2,21),(1026,2,22),(1055,2,23),(1020,2,24),(1021,2,25),(1022,2,26),(1023,2,27),(1032,2,28),(1013,2,29),(1061,2,30),(1067,2,31),(1059,2,32),(1070,2,33),(1065,2,34),(1064,2,35),(1063,2,36),(1068,2,37),(1053,2,38),(1052,2,39),(1034,2,40),(1035,2,41),(1011,2,42),(1033,2,43),(1030,2,44),(1031,2,45),(1028,2,46),(1029,2,47),(1012,2,48),(1027,2,49),(1071,2,50),(1062,2,51),(1019,2,52),(1018,2,53),(1010,2,54),(1066,2,55),(1009,2,56),(1060,2,57),(1049,2,58),(1054,2,59),(1014,2,60),(1015,2,61),(1016,2,62),(1017,2,63),(1099,3,1),(1101,3,2),(1100,3,3),(1103,3,4),(1102,3,5),(1105,3,6),(1104,3,7),(1107,3,8),(1106,3,9),(1114,3,10),(1113,3,11),(1109,3,12),(1108,3,13),(1119,3,14),(1111,3,15),(1120,3,16),(1110,3,17),(1132,3,18),(1121,3,19),(1087,3,20),(1088,3,21),(1089,3,22),(1118,3,23),(1083,3,24),(1084,3,25),(1085,3,26),(1086,3,27),(1095,3,28),(1076,3,29),(1124,3,30),(1130,3,31),(1122,3,32),(1133,3,33),(1128,3,34),(1127,3,35),(1126,3,36),(1131,3,37),(1116,3,38),(1115,3,39),(1097,3,40),(1098,3,41),(1074,3,42),(1096,3,43),(1093,3,44),(1094,3,45),(1091,3,46),(1092,3,47),(1075,3,48),(1090,3,49),(1134,3,50),(1125,3,51),(1082,3,52),(1081,3,53),(1073,3,54),(1129,3,55),(1072,3,56),(1123,3,57),(1112,3,58),(1117,3,59),(1077,3,60),(1078,3,61),(1079,3,62),(1080,3,63);
/*!40000 ALTER TABLE `auth_user_user_permissions` ENABLE KEYS */;
UNLOCK TABLES;

--
-- Table structure for table `django_admin_log`
--

DROP TABLE IF EXISTS `django_admin_log`;
/*!40101 SET @saved_cs_client     = @@character_set_client */;
/*!40101 SET character_set_client = utf8 */;
CREATE TABLE `django_admin_log` (
  `id` int(11) NOT NULL AUTO_INCREMENT,
  `action_time` datetime NOT NULL,
  `user_id` int(11) NOT NULL,
  `content_type_id` int(11) DEFAULT NULL,
  `object_id` longtext,
  `object_repr` varchar(200) NOT NULL,
  `action_flag` smallint(5) unsigned NOT NULL,
  `change_message` longtext NOT NULL,
  PRIMARY KEY (`id`),
  KEY `django_admin_log_403f60f` (`user_id`),
  KEY `django_admin_log_1bb8f392` (`content_type_id`),
  CONSTRAINT `content_type_id_refs_id_288599e6` FOREIGN KEY (`content_type_id`) REFERENCES `django_content_type` (`id`),
  CONSTRAINT `user_id_refs_id_c8665aa` FOREIGN KEY (`user_id`) REFERENCES `auth_user` (`id`)
) ENGINE=InnoDB AUTO_INCREMENT=819 DEFAULT CHARSET=utf8;
/*!40101 SET character_set_client = @saved_cs_client */;

--
-- Dumping data for table `django_admin_log`
--

LOCK TABLES `django_admin_log` WRITE;
/*!40000 ALTER TABLE `django_admin_log` DISABLE KEYS */;
INSERT INTO `django_admin_log` VALUES (1,'2012-08-08 22:59:11',1,9,'1','test',1,''),(2,'2012-08-08 22:59:44',1,9,'1','test',2,'Changed is_public.'),(3,'2012-08-09 21:07:26',1,9,'1','test',2,'No fields changed.'),(4,'2012-08-11 14:54:30',1,3,'2','panduola',1,''),(5,'2012-08-11 15:09:53',1,9,'2','一口咬定朱唇按摩器-香港积之美樱桃小口 随意调控 上下抽动',1,''),(6,'2012-08-11 15:10:24',1,9,'2','一口咬定朱唇按摩器-香港积之美樱桃小口 随意调控 上下抽动',2,'Changed pic_or_flash, content and is_public.'),(7,'2012-08-11 18:04:05',1,9,'3',' Selebritee小黑点开档连身袜-美国Selebritee',1,''),(8,'2012-08-11 18:04:44',1,9,'3',' Selebritee小黑点开档连身袜-美国Selebritee',2,'Changed pic_or_flash, content and is_public.'),(9,'2012-08-11 18:05:20',1,9,'1','test',3,''),(10,'2012-08-11 18:19:50',1,9,'4','马提亚黑色开叉美臀甜美女仆游戏服',1,''),(11,'2012-08-11 18:20:14',1,9,'4','马提亚黑色开叉美臀甜美女仆游戏服',2,'Changed pic_or_flash, content and is_public.'),(12,'2012-08-11 18:21:09',1,9,'4','马提亚黑色开叉美臀甜美女仆游戏服',2,'Changed preview.'),(13,'2012-08-11 18:32:57',1,9,'5','三点式的白衣天使护士制服',1,''),(14,'2012-08-11 18:33:04',1,9,'5','三点式的白衣天使护士制服',2,'Changed pic_or_flash, content and is_public.'),(15,'2012-08-11 18:33:36',1,9,'5','三点式的白衣天使护士制服',2,'Changed content.'),(16,'2012-08-11 18:45:59',1,9,'6','香港女星最爱女警情趣制服',1,''),(17,'2012-08-11 18:46:09',1,9,'6','香港女星最爱女警情趣制服',2,'Changed pic_or_flash, content and is_public.'),(18,'2012-08-11 18:54:53',1,9,'7','学生时代魅力 制服套装情趣内衣',1,''),(19,'2012-08-11 18:55:01',1,9,'7','学生时代魅力 制服套装情趣内衣',2,'Changed pic_or_flash, content and is_public.'),(20,'2012-08-11 19:26:01',1,9,'8','台湾VitaBilla 同浴爱河粉色薄纱配以缎带滚边',1,''),(21,'2012-08-11 19:26:10',1,9,'8','台湾VitaBilla 同浴爱河粉色薄纱配以缎带滚边',2,'Changed pic_or_flash, content and is_public.'),(22,'2012-08-11 20:41:52',1,9,'9','Alio Moon 白色诱惑 护士角色扮演服3件组',1,''),(23,'2012-08-11 20:41:58',1,9,'9','Alio Moon 白色诱惑 护士角色扮演服3件组',2,'Changed pic_or_flash, content and is_public.'),(24,'2012-08-11 20:50:25',1,9,'10','Fee Sexy 爱恋熏衣草 女仆角色扮演服',1,''),(25,'2012-08-11 20:50:37',1,9,'10','Fee Sexy 爱恋熏衣草 女仆角色扮演服',2,'Changed pic_or_flash, content and is_public.'),(26,'2012-08-11 20:56:07',1,9,'11','Alio Moon 甜心女仆 角色扮演(六件组)',1,''),(27,'2012-08-11 20:56:13',1,9,'11','Alio Moon 甜心女仆 角色扮演(六件组)',2,'Changed pic_or_flash, content and is_public.'),(28,'2012-08-11 21:05:28',1,9,'12','Alio Moon 甜心小女佣 围裙角色扮演服',1,''),(29,'2012-08-11 21:05:36',1,9,'12','Alio Moon 甜心小女佣 围裙角色扮演服',2,'Changed pic_or_flash, content and is_public.'),(30,'2012-08-11 21:11:58',1,9,'13','暧昧炫染性感裙装',1,''),(31,'2012-08-11 21:12:05',1,9,'13','暧昧炫染性感裙装',2,'Changed pic_or_flash, content and is_public.'),(32,'2012-08-11 21:35:31',1,3,'2','panduola',2,'Changed first_name, last_name, email, is_staff, is_superuser and user_permissions.'),(33,'2012-08-12 20:13:45',1,9,'14','红色连体 爆乳网纱性感透明内',1,''),(34,'2012-08-12 20:13:52',1,9,'14','红色连体 爆乳网纱性感透明内',2,'Changed pic_or_flash, content and is_public.'),(35,'2012-08-12 20:19:05',1,9,'15','红色可爱女佣制服迷惑吊袜带套装',1,''),(36,'2012-08-12 20:19:12',1,9,'15','红色可爱女佣制服迷惑吊袜带套装',2,'Changed pic_or_flash, content and is_public.'),(37,'2012-08-12 20:28:43',1,9,'16','粉色遐想‧角色扮演四件組(粉)',1,''),(38,'2012-08-12 20:28:58',1,9,'16','粉色遐想‧角色扮演四件組(粉)',2,'Changed pic_or_flash, content and is_public.'),(39,'2012-08-12 20:40:26',1,9,'17','攻佔你心‧緞面蕾絲性感睡衣(黑、桃)',1,''),(40,'2012-08-12 20:40:34',1,9,'17','攻佔你心‧緞面蕾絲性感睡衣(黑、桃)',2,'Changed pic_or_flash, content and is_public.'),(41,'2012-08-12 20:47:21',1,9,'18','早安情人 格纹女仆装三件组（粉格）',1,''),(42,'2012-08-12 20:47:28',1,9,'18','早安情人 格纹女仆装三件组（粉格）',2,'Changed pic_or_flash, content and is_public.'),(43,'2012-08-12 20:59:12',1,9,'19','七彩虞美人*彩色渔网衣包臀裙',1,''),(44,'2012-08-12 20:59:22',1,9,'19','七彩虞美人*彩色渔网衣包臀裙',2,'Changed pic_or_flash, content and is_public.'),(45,'2012-08-12 21:06:15',1,9,'20','魔性之眼‧魅惑迷人性感睡衣（紫）',1,''),(46,'2012-08-12 21:06:21',1,9,'20','魔性之眼‧魅惑迷人性感睡衣（紫）',2,'Changed pic_or_flash, content and is_public.'),(47,'2012-08-12 21:18:01',1,9,'21','台湾VitaBilla 粉色吊带蜜桃粉系前开式蕾丝',1,''),(48,'2012-08-12 21:18:07',1,9,'21','台湾VitaBilla 粉色吊带蜜桃粉系前开式蕾丝',2,'Changed pic_or_flash, content and is_public.'),(49,'2012-08-12 21:25:39',1,9,'22','ALio Moon扶桑恋人低胸缎面和服三件组',1,''),(50,'2012-08-12 21:25:46',1,9,'22','ALio Moon扶桑恋人低胸缎面和服三件组',2,'Changed pic_or_flash, content and is_public.'),(51,'2012-08-12 23:18:15',1,3,'3','wangwei',1,''),(52,'2012-08-12 23:19:06',1,3,'3','wangwei',2,'Changed first_name, last_name, email, is_staff, is_superuser and user_permissions.'),(53,'2012-08-13 00:04:00',3,9,'23','test',1,''),(54,'2012-08-13 00:05:46',3,9,'24','test',1,''),(55,'2012-08-13 00:12:23',3,9,'25','test23435',1,''),(56,'2012-08-13 00:14:12',3,9,'26','test5535',1,''),(57,'2012-08-13 00:15:33',3,9,'27','test',1,''),(58,'2012-08-13 00:16:05',3,9,'28','testestst',1,''),(59,'2012-08-13 21:41:46',1,9,'28','testestst',3,''),(60,'2012-08-13 21:41:46',1,9,'27','test',3,''),(61,'2012-08-13 21:41:46',1,9,'26','test5535',3,''),(62,'2012-08-13 21:41:46',1,9,'25','test23435',3,''),(63,'2012-08-13 21:41:46',1,9,'24','test',3,''),(64,'2012-08-13 21:41:46',1,9,'23','test',3,''),(65,'2012-08-13 22:01:43',1,9,'29','【暴力拆解】剥开果实见真知——龙之舌温感振动器完全揭秘！',1,''),(66,'2012-08-13 22:01:50',1,9,'29','【暴力拆解】剥开果实见真知——龙之舌温感振动器完全揭秘！',2,'Changed pic_or_flash, content and is_public.'),(67,'2012-08-13 22:04:08',1,9,'29','【暴力拆解】剥开果实见真知——龙之舌温感振动器完全揭秘！',2,'Changed content.'),(68,'2012-08-13 22:19:12',1,9,'30','真实的亚洲尺寸—中国爱世界 罗马大帝',1,''),(69,'2012-08-13 22:19:17',1,9,'30','真实的亚洲尺寸—中国爱世界 罗马大帝',2,'Changed pic_or_flash, content and is_public.'),(70,'2012-08-13 22:48:14',1,9,'2','一口咬定朱唇按摩器-香港积之美樱桃小口 随意调控 上下抽动',2,'Changed content.'),(71,'2012-08-13 22:58:28',1,9,'31','全心全意的反斗小鬼转珠棒',1,''),(72,'2012-08-13 22:58:34',1,9,'31','全心全意的反斗小鬼转珠棒',2,'Changed pic_or_flash, content and is_public.'),(73,'2012-08-13 23:08:20',1,9,'32','日本超熟艺妓花魁名器评测',1,''),(74,'2012-08-13 23:08:27',1,9,'32','日本超熟艺妓花魁名器评测',2,'Changed pic_or_flash, content and is_public.'),(75,'2012-08-14 20:58:35',1,9,'33','舌头挑逗的诱惑——维依Touch（舌尖战栗）振动器完全评测',1,''),(76,'2012-08-14 20:58:42',1,9,'33','舌头挑逗的诱惑——维依Touch（舌尖战栗）振动器完全评测',2,'Changed pic_or_flash, content and is_public.'),(77,'2012-08-14 21:22:27',1,9,'34','一举两得的激欲丰胸按摩器！',1,''),(78,'2012-08-14 21:22:38',1,9,'34','一举两得的激欲丰胸按摩器！',2,'Changed pic_or_flash, content and is_public.'),(79,'2012-08-14 21:33:53',1,9,'35','徜徉在花丛中的蝶之恋—美国Ultrazone 蝶中蝶转珠按摩棒',1,''),(80,'2012-08-14 21:33:59',1,9,'35','徜徉在花丛中的蝶之恋—美国Ultrazone 蝶中蝶转珠按摩棒',2,'Changed pic_or_flash, content and is_public.'),(81,'2012-08-14 21:42:24',1,9,'36','会听音乐的振动棒！—美国OhMiBod随音振动魔力棒评测',1,''),(82,'2012-08-14 21:42:30',1,9,'36','会听音乐的振动棒！—美国OhMiBod随音振动魔力棒评测',2,'Changed pic_or_flash, content and is_public.'),(83,'2012-08-27 22:23:36',2,9,'37','音乐人Musicman声感振动棒 香港诺兰（全球首款声感变频振动棒 专利技术 双感音模式 双马达独立控制 情趣玩具进入声控时代！）',1,''),(84,'2012-08-27 22:23:46',2,9,'37','音乐人Musicman声感振动棒 香港诺兰（全球首款声感变频振动棒 专利技术 双感音模式 双马达独立控制 情趣玩具进入声控时代！）',2,'Changed pic_or_flash, content and is_public.'),(85,'2012-08-27 22:24:17',2,9,'37','音乐人Musicman声感振动棒 香港诺兰（全球首款声感变频振动棒 专利技术 双感音模式 双马达独立控制 情趣玩具进入声控时代！）',2,'Changed preview.'),(86,'2012-08-27 22:25:46',2,9,'37','音乐人Musicman声感振动棒（全球首款声感变频振动棒 专利技术 双感音模式 双马达独立控制 情趣玩具进入声控时代！）',2,'Changed title.'),(87,'2012-08-27 23:04:12',2,9,'38','喜多泽雷激双穴名器（隐退纪念版/附赠喜多泽亲笔信哦~） 日本DNA 750克超厚重肉体，双腔道等你体验',1,''),(88,'2012-08-27 23:04:20',2,9,'38','喜多泽雷激双穴名器（隐退纪念版/附赠喜多泽亲笔信哦~） 日本DNA 750克超厚重肉体，双腔道等你体验',2,'Changed pic_or_flash, content and is_public.'),(89,'2012-08-27 23:30:43',2,9,'38','喜多泽雷激双穴名器（隐退纪念版/附赠喜多泽亲笔信哦~） 日本DNA 750克超厚重肉体，双腔道等你体验',2,'Changed preview.'),(90,'2012-08-28 21:49:42',2,9,'39','奥迪新A4L即将上市 车身尺寸变大',1,''),(91,'2012-08-28 21:49:47',2,9,'39','奥迪新A4L即将上市 车身尺寸变大',2,'Changed pic_or_flash and is_public.'),(92,'2012-08-28 21:49:55',2,9,'38','喜多泽雷激双穴名器（隐退纪念版/附赠喜多泽亲笔信哦~） 日本DNA 750克超厚重肉体，双腔道等你体验',2,'Changed is_public.'),(93,'2012-08-28 21:50:02',2,9,'37','音乐人Musicman声感振动棒（全球首款声感变频振动棒 专利技术 双感音模式 双马达独立控制 情趣玩具进入声控时代！）',2,'Changed is_public.'),(94,'2012-08-28 21:50:08',2,9,'36','会听音乐的振动棒！—美国OhMiBod随音振动魔力棒评测',2,'Changed is_public.'),(95,'2012-08-28 21:50:15',2,9,'35','徜徉在花丛中的蝶之恋—美国Ultrazone 蝶中蝶转珠按摩棒',2,'Changed is_public.'),(96,'2012-08-28 21:50:22',2,9,'35','徜徉在花丛中的蝶之恋—美国Ultrazone 蝶中蝶转珠按摩棒',2,'Changed is_public.'),(97,'2012-08-28 21:50:29',2,9,'34','一举两得的激欲丰胸按摩器！',2,'Changed is_public.'),(98,'2012-08-28 21:50:37',2,9,'33','舌头挑逗的诱惑——维依Touch（舌尖战栗）振动器完全评测',2,'Changed is_public.'),(99,'2012-08-28 21:50:43',2,9,'32','日本超熟艺妓花魁名器评测',2,'Changed is_public.'),(100,'2012-08-28 21:50:53',2,9,'32','日本超熟艺妓花魁名器评测',2,'No fields changed.'),(101,'2012-08-28 21:51:00',2,9,'31','全心全意的反斗小鬼转珠棒',2,'Changed is_public.'),(102,'2012-08-28 21:52:49',2,9,'30','真实的亚洲尺寸—中国爱世界 罗马大帝',2,'Changed is_public.'),(103,'2012-08-28 22:03:35',2,9,'29','【暴力拆解】剥开果实见真知——龙之舌温感振动器完全揭秘！',2,'Changed content and is_public.'),(104,'2012-08-28 22:03:41',2,9,'22','ALio Moon扶桑恋人低胸缎面和服三件组',2,'Changed is_public.'),(105,'2012-08-28 22:03:50',2,9,'21','台湾VitaBilla 粉色吊带蜜桃粉系前开式蕾丝',2,'Changed is_public.'),(106,'2012-08-28 22:03:57',2,9,'20','魔性之眼‧魅惑迷人性感睡衣（紫）',2,'Changed is_public.'),(107,'2012-08-28 22:05:00',2,9,'19','七彩虞美人*彩色渔网衣包臀裙',2,'Changed is_public.'),(108,'2012-08-28 22:05:07',2,9,'18','早安情人 格纹女仆装三件组（粉格）',2,'Changed is_public.'),(109,'2012-08-28 22:05:14',2,9,'18','早安情人 格纹女仆装三件组（粉格）',2,'No fields changed.'),(110,'2012-08-28 22:05:21',2,9,'17','攻佔你心‧緞面蕾絲性感睡衣(黑、桃)',2,'Changed is_public.'),(111,'2012-08-28 22:05:31',2,9,'16','粉色遐想‧角色扮演四件組(粉)',2,'Changed is_public.'),(112,'2012-08-28 22:05:56',2,9,'14','红色连体 爆乳网纱性感透明内',2,'Changed is_public.'),(113,'2012-08-28 22:06:09',2,9,'15','红色可爱女佣制服迷惑吊袜带套装',2,'Changed is_public.'),(114,'2012-08-28 22:06:16',2,9,'13','暧昧炫染性感裙装',2,'Changed is_public.'),(115,'2012-08-28 22:06:25',2,9,'12','Alio Moon 甜心小女佣 围裙角色扮演服',2,'Changed is_public.'),(116,'2012-08-28 22:08:18',2,9,'11','Alio Moon 甜心女仆 角色扮演(六件组)',2,'Changed is_public.'),(117,'2012-08-28 22:08:27',2,9,'10','Fee Sexy 爱恋熏衣草 女仆角色扮演服',2,'Changed is_public.'),(118,'2012-08-28 22:08:39',2,9,'9','Alio Moon 白色诱惑 护士角色扮演服3件组',2,'Changed is_public.'),(119,'2012-08-28 22:08:48',2,9,'7','学生时代魅力 制服套装情趣内衣',2,'Changed is_public.'),(120,'2012-08-28 22:08:56',2,9,'6','香港女星最爱女警情趣制服',2,'Changed is_public.'),(121,'2012-08-28 22:09:03',2,9,'5','三点式的白衣天使护士制服',2,'Changed is_public.'),(122,'2012-08-28 22:09:15',2,9,'4','马提亚黑色开叉美臀甜美女仆游戏服',2,'Changed is_public.'),(123,'2012-08-28 22:09:23',2,9,'3',' Selebritee小黑点开档连身袜-美国Selebritee',2,'Changed is_public.'),(124,'2012-08-28 22:10:40',2,9,'2','一口咬定朱唇按摩器-香港积之美樱桃小口 随意调控 上下抽动',2,'Changed content and is_public.'),(125,'2012-08-28 22:11:00',2,9,'8','台湾VitaBilla 同浴爱河粉色薄纱配以缎带滚边',2,'Changed is_public.'),(126,'2012-08-28 22:14:31',2,9,'35','徜徉在花丛中的蝶之恋—美国Ultrazone 蝶中蝶转珠按摩棒',2,'Changed is_public.'),(127,'2012-08-28 22:38:12',2,9,'40','奥迪A4 Allroad北美首发 或将引入国内',1,''),(128,'2012-08-28 22:38:17',2,9,'40','奥迪A4 Allroad北美首发 或将引入国内',2,'Changed pic_or_flash, preview, content and is_public.'),(129,'2012-08-28 22:44:07',2,9,'41','奥迪A4L最高优惠达3万余元 部分现车',1,''),(130,'2012-08-28 22:44:14',2,9,'41','奥迪A4L最高优惠达3万余元 部分现车',2,'Changed pic_or_flash and is_public.'),(131,'2012-08-28 22:52:07',2,9,'42','试驾评测奥迪A4L 商务与运动的完美平衡',1,''),(132,'2012-08-28 22:52:11',2,9,'42','试驾评测奥迪A4L 商务与运动的完美平衡',2,'Changed pic_or_flash and is_public.'),(133,'2012-08-28 22:55:18',2,9,'43','只为满足国人需要 全新奥迪A4L上市导购',1,''),(134,'2012-08-28 22:55:22',2,9,'43','只为满足国人需要 全新奥迪A4L上市导购',2,'Changed pic_or_flash and is_public.'),(135,'2012-08-28 22:56:55',2,9,'44','2013款奥迪A4解析 完成度更高/更好看',1,''),(136,'2012-08-28 22:57:01',2,9,'44','2013款奥迪A4解析 完成度更高/更好看',2,'Changed pic_or_flash, content and is_public.'),(137,'2012-08-28 22:58:31',2,9,'45','奥迪或推出A4平台Superavant跨界车型',1,''),(138,'2012-08-28 22:58:38',2,9,'45','奥迪或推出A4平台Superavant跨界车型',2,'Changed pic_or_flash, preview and is_public.'),(139,'2012-08-28 23:00:44',2,9,'46','奥迪A4L都市精英之旅将于9月23号举行',1,''),(140,'2012-08-28 23:00:49',2,9,'46','奥迪A4L都市精英之旅将于9月23号举行',2,'Changed pic_or_flash and is_public.'),(141,'2012-08-28 23:04:16',2,9,'47','奥迪新一代A4效果图曝光 或2014年亮相',1,''),(142,'2012-08-28 23:04:23',2,9,'47','奥迪新一代A4效果图曝光 或2014年亮相',2,'Changed pic_or_flash, preview and is_public.'),(143,'2012-08-28 23:05:45',2,9,'48','全新奥迪A4将于2014年推出 外观更犀利',1,''),(144,'2012-08-28 23:05:59',2,9,'48','全新奥迪A4将于2014年推出 外观更犀利',2,'Changed pic_or_flash, preview, content and is_public.'),(145,'2012-08-28 23:07:25',2,9,'49','改款奥迪A4L参数首度曝光 增加3.0T车型',1,''),(146,'2012-08-28 23:07:32',2,9,'49','改款奥迪A4L参数首度曝光 增加3.0T车型',2,'Changed pic_or_flash, preview, content and is_public.'),(147,'2012-08-28 23:08:47',2,9,'45','奥迪或推出A4平台Superavant跨界车型',2,'Changed content.'),(148,'2012-08-28 23:09:34',2,9,'43','只为满足国人需要 全新奥迪A4L上市导购',2,'Changed content.'),(149,'2012-08-28 23:10:20',2,9,'42','试驾评测奥迪A4L 商务与运动的完美平衡',2,'Changed content.'),(150,'2012-08-28 23:10:51',2,9,'41','奥迪A4L最高优惠达3万余元 部分现车',2,'Changed content.'),(151,'2012-08-29 19:50:43',2,9,'50','那一刻 你离上帝是那么的进-----4Umachine 性爱魔球专业评测',1,''),(152,'2012-08-29 19:50:52',2,9,'50','那一刻 你离上帝是那么的进-----4Umachine 性爱魔球专业评测',2,'Changed pic_or_flash, content and is_public.'),(153,'2012-08-29 19:51:51',2,9,'50','那一刻 你离上帝是那么的进-----4Umachine 性爱魔球专业评测',2,'Changed is_public.'),(154,'2012-08-29 20:07:34',2,9,'51','性福一手掌握---Alia 阿莉娅女性下部震动器专业测评',1,''),(155,'2012-08-29 20:07:42',2,9,'51','性福一手掌握---Alia 阿莉娅女性下部震动器专业测评',2,'Changed pic_or_flash, content and is_public.'),(156,'2012-08-29 20:08:21',2,9,'51','性福一手掌握---Alia 阿莉娅女性下部震动器专业测评',2,'Changed is_public.'),(157,'2012-08-29 20:56:39',2,9,'52','娇娃吸附振动自乐杯（热辣少女KJ版，刺激升级） 中国百乐',1,''),(158,'2012-08-29 20:56:46',2,9,'52','娇娃吸附振动自乐杯（热辣少女KJ版，刺激升级） 中国百乐',2,'Changed pic_or_flash, content and is_public.'),(159,'2012-08-29 20:58:10',2,9,'52','娇娃吸附振动自乐杯（热辣少女KJ版，刺激升级） 中国百乐',2,'Changed is_public.'),(160,'2012-08-29 21:54:30',2,9,'53','欧丹遥控情趣震环按摩器设计版【瑞典LELO 二代升级版附赠闭合环型尾翼】',1,''),(161,'2012-08-29 21:55:17',2,9,'53','欧丹遥控情趣震环按摩器设计版【瑞典LELO 二代升级版附赠闭合环型尾翼】',2,'Changed pic_or_flash, content and is_public.'),(162,'2012-08-29 21:59:50',2,9,'53','欧丹遥控情趣震环按摩器设计版【瑞典LELO 二代升级版附赠闭合环型尾翼】',2,'Changed is_public.'),(163,'2012-08-29 22:26:46',2,9,'54','日本av利器 日暮里-AV按摩棒 独家测评',1,''),(164,'2012-08-29 22:26:53',2,9,'54','日本av利器 日暮里-AV按摩棒 独家测评',2,'Changed pic_or_flash, content and is_public.'),(165,'2012-08-29 22:27:15',2,9,'54','日本av利器 日暮里-AV按摩棒 独家测评',2,'Changed is_public.'),(166,'2012-08-29 23:07:50',2,9,'55','SEXTOYS 双跳蛋 双重体验 性趣专业评测',1,''),(167,'2012-08-29 23:08:03',2,9,'55','SEXTOYS 双跳蛋 双重体验 性趣专业评测',2,'Changed pic_or_flash, content and is_public.'),(168,'2012-08-29 23:08:31',2,9,'55','SEXTOYS 双跳蛋 双重体验 性趣专业评测',2,'Changed is_public.'),(169,'2012-08-30 22:47:18',2,9,'56','康特尔前列腺震动棒 前列腺会阴同时刺激 双点可刺激',1,''),(170,'2012-08-30 22:47:27',2,9,'56','康特尔前列腺震动棒 前列腺会阴同时刺激 双点可刺激',2,'Changed pic_or_flash, content and is_public.'),(171,'2012-08-30 22:48:08',2,9,'56','康特尔前列腺震动棒 前列腺会阴同时刺激 双点可刺激',2,'Changed is_public.'),(172,'2012-08-30 23:11:57',2,9,'57','男用前列刺激精品 鲍勃情动茄瓜 性趣评测',1,''),(173,'2012-08-30 23:12:05',2,9,'57','男用前列刺激精品 鲍勃情动茄瓜 性趣评测',2,'Changed pic_or_flash, content and is_public.'),(174,'2012-08-30 23:12:36',2,9,'57','男用前列刺激精品 鲍勃情动茄瓜 性趣评测',2,'Changed is_public.'),(175,'2012-08-30 23:13:02',2,9,'49','改款奥迪A4L参数首度曝光 增加3.0T车型',2,'Changed preview and content.'),(176,'2012-08-30 23:32:48',2,9,'58','全球首款温感调频龙之舌G点棒 专业评测',1,''),(177,'2012-08-30 23:33:55',2,9,'58','全球首款温感调频龙之舌G点棒 专业评测',2,'Changed pic_or_flash, content and is_public.'),(178,'2012-08-30 23:34:25',2,9,'58','全球首款温感调频龙之舌G点棒 专业评测',2,'Changed is_public.'),(179,'2012-09-03 21:40:01',2,9,'59','加拿大WeVibe成人用品-维依3代男女共用震动器',1,''),(180,'2012-09-03 21:40:24',2,9,'59','加拿大WeVibe成人用品-维依3代男女共用震动器',2,'Changed pic_or_flash, content and is_public.'),(181,'2012-09-03 21:40:54',2,9,'59','加拿大WeVibe成人用品-维依3代男女共用震动器',2,'Changed is_public.'),(182,'2012-09-03 21:52:27',2,9,'60','罗马大帝终极版 加长7频双跳蛋 双向搅动 史上最逼真的成人用品',1,''),(183,'2012-09-03 21:52:33',2,9,'60','罗马大帝终极版 加长7频双跳蛋 双向搅动 史上最逼真的成人用品',2,'Changed pic_or_flash, content and is_public.'),(184,'2012-09-03 21:52:52',2,9,'60','罗马大帝终极版 加长7频双跳蛋 双向搅动 史上最逼真的成人用品',2,'Changed is_public.'),(185,'2012-09-03 22:11:01',2,9,'61','法拉利朱唇按摩器是专门为喜好挑战极限快感的男士所设计',1,''),(186,'2012-09-03 22:11:07',2,9,'61','法拉利朱唇按摩器是专门为喜好挑战极限快感的男士所设计',2,'Changed pic_or_flash, content and is_public.'),(187,'2012-09-03 22:11:27',2,9,'61','法拉利朱唇按摩器是专门为喜好挑战极限快感的男士所设计',2,'Changed is_public.'),(188,'2012-09-03 23:01:11',2,9,'62','蒂阿妮（玫红）遥控情侣共震按摩器二代',1,''),(189,'2012-09-03 23:01:35',2,9,'62','蒂阿妮（玫红）遥控情侣共震按摩器二代',2,'Changed pic_or_flash, content and is_public.'),(190,'2012-09-03 23:05:34',2,9,'62','蒂阿妮（玫红）遥控情侣共震按摩器二代',2,'Changed content and is_public.'),(191,'2012-09-03 23:05:53',2,9,'62','蒂阿妮（玫红）遥控情侣共震按摩器二代',2,'Changed is_public.'),(192,'2012-09-03 23:06:16',2,9,'62','蒂阿妮（玫红）遥控情侣共震按摩器二代',2,'Changed is_public.'),(193,'2012-09-03 23:11:50',2,9,'61','法拉利朱唇按摩器是专门为喜好挑战极限快感的男士所设计',2,'Changed pic_or_flash and content.'),(194,'2012-09-03 23:12:14',2,9,'62','蒂阿妮（玫红）遥控情侣共震按摩器二代',2,'Changed pic_or_flash.'),(195,'2012-09-03 23:12:53',2,9,'60','罗马大帝终极版 加长7频双跳蛋 双向搅动 史上最逼真的成人用品',2,'Changed pic_or_flash and content.'),(196,'2012-09-03 23:15:30',2,9,'59','加拿大WeVibe成人用品-维依3代男女共用震动器',2,'Changed pic_or_flash and content.'),(197,'2012-09-04 21:49:53',2,9,'63','未来科技狼牙棒（G点马达强刺激）',1,''),(198,'2012-09-04 21:50:07',2,9,'63','未来科技狼牙棒（G点马达强刺激）',2,'Changed pic_or_flash, content and is_public.'),(199,'2012-09-04 21:50:39',2,9,'63','未来科技狼牙棒（G点马达强刺激）',2,'Changed is_public.'),(200,'2012-09-04 22:04:54',2,9,'64','名器证明4名器之誉 日本NPG（吉崎直绪升级版）',1,''),(201,'2012-09-04 22:05:01',2,9,'64','名器证明4名器之誉 日本NPG（吉崎直绪升级版）',2,'Changed pic_or_flash, content and is_public.'),(202,'2012-09-04 22:05:40',2,9,'64','名器证明4名器之誉 日本NPG（吉崎直绪升级版）',2,'Changed is_public.'),(203,'2012-09-04 22:15:48',2,9,'65','唤醒啫喱（薄荷味） 美国TOPCO',1,''),(204,'2012-09-04 22:15:56',2,9,'65','唤醒啫喱（薄荷味） 美国TOPCO',2,'Changed pic_or_flash, content and is_public.'),(205,'2012-09-04 22:16:45',2,9,'65','唤醒啫喱（薄荷味） 美国TOPCO',2,'Changed is_public.'),(206,'2012-09-04 22:34:45',2,9,'66','龙卷风360度3G仿真转珠棒',1,''),(207,'2012-09-04 22:34:53',2,9,'66','龙卷风360度3G仿真转珠棒',2,'Changed pic_or_flash, content and is_public.'),(208,'2012-09-04 22:35:19',2,9,'66','龙卷风360度3G仿真转珠棒',2,'Changed is_public.'),(209,'2012-09-04 22:48:51',2,9,'67','伊杜金属振动棒 香港诺兰',1,''),(210,'2012-09-04 22:48:57',2,9,'67','伊杜金属振动棒 香港诺兰',2,'Changed pic_or_flash, content and is_public.'),(211,'2012-09-04 22:49:34',2,9,'67','伊杜金属振动棒 香港诺兰',2,'Changed is_public.'),(212,'2012-09-10 22:04:06',1,9,'1','热门新品',1,''),(213,'2012-09-10 22:04:14',1,9,'2','日常使用',1,''),(214,'2012-09-10 22:04:19',1,9,'3','售后维修',1,''),(215,'2012-09-10 22:04:43',1,10,'1','最佳创意',1,''),(216,'2012-09-10 22:04:48',1,10,'2','精彩搞笑',1,''),(217,'2012-09-10 22:04:52',1,10,'3','寓意深刻',1,''),(218,'2012-09-10 22:14:14',1,11,'49','改款奥迪A4L参数首度曝光 增加3.0T车型',2,'Changed post_type.'),(219,'2012-09-10 22:19:02',1,11,'48','全新奥迪A4将于2014年推出 外观更犀利',2,'Changed post_type.'),(220,'2012-09-10 22:19:19',1,11,'47','奥迪新一代A4效果图曝光 或2014年亮相',2,'Changed post_type and product_type.'),(221,'2012-09-10 22:19:32',1,11,'49','改款奥迪A4L参数首度曝光 增加3.0T车型',2,'Changed product_type.'),(222,'2012-09-10 22:19:59',1,11,'39','奥迪新A4L即将上市 车身尺寸变大',2,'Changed post_type and product_type.'),(223,'2012-09-10 22:20:10',1,11,'40','奥迪A4 Allroad北美首发 或将引入国内',2,'Changed post_type, product_type and content.'),(224,'2012-09-10 22:20:19',1,11,'41','奥迪A4L最高优惠达3万余元 部分现车',2,'Changed post_type, product_type and content.'),(225,'2012-09-10 22:20:33',1,11,'42','试驾评测奥迪A4L 商务与运动的完美平衡',2,'Changed post_type, product_type and content.'),(226,'2012-09-10 22:20:43',1,11,'43','只为满足国人需要 全新奥迪A4L上市导购',2,'Changed post_type, product_type and content.'),(227,'2012-09-10 22:20:56',1,11,'44','2013款奥迪A4解析 完成度更高/更好看',2,'Changed post_type, product_type and content.'),(228,'2012-09-10 22:21:07',1,11,'46','奥迪A4L都市精英之旅将于9月23号举行',2,'Changed post_type and product_type.'),(229,'2012-09-10 22:21:14',1,11,'48','全新奥迪A4将于2014年推出 外观更犀利',2,'Changed product_type.'),(230,'2012-09-10 22:21:26',1,11,'45','奥迪或推出A4平台Superavant跨界车型',2,'Changed post_type, product_type and content.'),(231,'2012-09-10 22:54:37',1,23,'1','admin_thumbnail',1,''),(232,'2012-09-10 22:55:14',1,18,'1','gallery1',1,''),(233,'2012-09-10 22:55:32',1,18,'2','gallery2',1,''),(234,'2012-09-10 22:56:23',1,20,'1','photo1',1,''),(235,'2012-09-10 22:56:42',1,20,'2','photo2',1,''),(236,'2012-09-10 22:56:54',1,18,'1','gallery1',2,'Changed photos.'),(237,'2012-09-10 22:57:02',1,18,'2','gallery2',2,'Changed photos.'),(238,'2012-09-10 23:08:56',1,11,'49','改款奥迪A4L参数首度曝光 增加3.0T车型',2,'Changed need_roll.'),(239,'2012-09-12 20:10:30',1,11,'49','改款奥迪A4L参数首度曝光 增加3.0T车型',2,'Changed need_roll.'),(240,'2012-09-12 20:10:40',1,11,'44','2013款奥迪A4解析 完成度更高/更好看',2,'Changed need_roll.'),(241,'2012-09-12 20:10:47',1,11,'40','奥迪A4 Allroad北美首发 或将引入国内',2,'Changed need_roll.'),(242,'2012-09-12 20:10:54',1,11,'41','奥迪A4L最高优惠达3万余元 部分现车',2,'Changed need_roll.'),(243,'2012-09-12 20:11:00',1,11,'48','全新奥迪A4将于2014年推出 外观更犀利',2,'Changed need_roll.'),(244,'2012-09-12 20:11:06',1,11,'45','奥迪或推出A4平台Superavant跨界车型',2,'Changed content and need_roll.'),(245,'2012-09-12 20:12:14',1,11,'46','奥迪A4L都市精英之旅将于9月23号举行',2,'Changed need_roll.'),(246,'2012-09-13 20:39:14',1,11,'49','改款奥迪A4L参数首度曝光 增加3.0T车型',2,'Changed content.'),(247,'2012-09-13 20:39:22',1,11,'48','全新奥迪A4将于2014年推出 外观更犀利',2,'Changed content.'),(248,'2012-09-13 20:39:28',1,11,'47','奥迪新一代A4效果图曝光 或2014年亮相',2,'Changed content.'),(249,'2012-09-13 20:39:36',1,11,'46','奥迪A4L都市精英之旅将于9月23号举行',2,'Changed content.'),(250,'2012-09-13 20:39:49',1,11,'45','奥迪或推出A4平台Superavant跨界车型',2,'Changed content.'),(251,'2012-09-13 20:39:57',1,11,'44','2013款奥迪A4解析 完成度更高/更好看',2,'Changed content.'),(252,'2012-09-13 20:40:04',1,11,'43','只为满足国人需要 全新奥迪A4L上市导购',2,'Changed content.'),(253,'2012-09-13 20:40:13',1,11,'42','试驾评测奥迪A4L 商务与运动的完美平衡',2,'Changed content.'),(254,'2012-09-13 20:40:19',1,11,'41','奥迪A4L最高优惠达3万余元 部分现车',2,'Changed content.'),(255,'2012-09-13 20:40:25',1,11,'40','奥迪A4 Allroad北美首发 或将引入国内',2,'Changed content.'),(256,'2012-09-13 20:40:31',1,11,'39','奥迪新A4L即将上市 车身尺寸变大',2,'Changed content.'),(257,'2012-09-24 22:45:23',2,11,'49','改款奥迪A4L首度曝光',2,'Changed title.'),(258,'2012-09-24 22:45:47',2,11,'48','新奥迪A4于2014年推出',2,'Changed title and content.'),(259,'2012-09-24 22:50:20',2,11,'49','改款奥迪A4L首度曝光',2,'Changed preview.'),(260,'2012-09-24 22:50:37',2,11,'48','新奥迪A4于2014年推出',2,'Changed preview.'),(261,'2012-09-24 22:51:03',2,11,'47','奥迪新A4效果图曝光',2,'Changed title, preview and content.'),(262,'2012-09-24 22:51:20',2,11,'46','奥迪A4L都市精英之旅',2,'Changed title, preview and content.'),(263,'2012-09-24 22:51:42',2,11,'45','奥迪或推出A4平台跨界车型',2,'Changed title, preview and content.'),(264,'2012-09-24 22:52:02',2,11,'44','2013款奥迪A4解析',2,'Changed title, preview and content.'),(265,'2012-09-24 22:52:24',2,11,'43','全新奥迪A4L上市导购',2,'Changed title, preview and content.'),(266,'2012-09-24 22:52:39',2,11,'42','试驾评测奥迪A4L',2,'Changed title, preview and content.'),(267,'2012-09-24 22:52:53',2,11,'45','奥迪或推出跨界车型',2,'Changed title.'),(268,'2012-09-24 22:53:18',2,11,'41','奥迪A4L优惠达3万',2,'Changed title, preview and content.'),(269,'2012-09-24 22:53:45',2,11,'40','奥迪Allroad北美首发',2,'Changed title, preview and content.'),(270,'2012-09-24 22:54:04',2,11,'39','奥迪新A4L即将上市',2,'Changed title, preview and content.'),(271,'2012-10-17 22:52:09',2,11,'50','那一刻 你离上帝是那么的进-----4Umachine 性爱魔球专业评测',2,'Changed is_public.'),(272,'2012-10-17 22:54:48',2,11,'51','性福一手掌握---Alia 阿莉娅女性下部震动器专业测评',2,'Changed post_type, product_type and is_public.'),(273,'2012-10-17 23:05:17',2,11,'68','美国超熟艺妓花魁名器评测日本',1,''),(274,'2012-10-17 23:05:26',2,11,'68','美国超熟艺妓花魁名器评测日本',2,'No fields changed.'),(275,'2012-10-18 22:41:21',2,11,'68','美国超熟艺妓花魁名器评测日本',2,'Changed headline_pic and need_roll.'),(276,'2012-10-18 22:57:23',2,11,'49','改款奥迪A4L首度曝光',2,'Changed headline_pic.'),(277,'2012-10-18 22:57:47',2,11,'44','2013款奥迪A4解析',2,'Changed headline_pic.'),(278,'2012-10-18 22:59:30',2,11,'44','2013款奥迪A4解析',2,'Changed headline_pic.'),(296,'2012-11-09 21:59:49',1,24,'1','Publisher object',2,'Changed has_publish and publish_url.'),(297,'2012-11-09 22:01:14',1,24,'1','Publisher object',2,'Changed publish_url.'),(298,'2012-11-09 22:03:19',1,24,'1','Publisher object',2,'Changed publish_url.'),(299,'2012-11-09 22:29:58',1,11,'68','美国超熟艺妓花魁名器评测日本',3,''),(300,'2012-11-09 22:29:58',1,11,'67','伊杜金属振动棒 香港诺兰',3,''),(301,'2012-11-09 22:29:58',1,11,'66','龙卷风360度3G仿真转珠棒',3,''),(302,'2012-11-09 22:29:58',1,11,'65','唤醒啫喱（薄荷味） 美国TOPCO',3,''),(303,'2012-11-09 22:29:58',1,11,'64','名器证明4名器之誉 日本NPG（吉崎直绪升级版）',3,''),(304,'2012-11-09 22:29:58',1,11,'63','未来科技狼牙棒（G点马达强刺激）',3,''),(305,'2012-11-09 22:29:58',1,11,'62','蒂阿妮（玫红）遥控情侣共震按摩器二代',3,''),(306,'2012-11-09 22:29:58',1,11,'61','法拉利朱唇按摩器是专门为喜好挑战极限快感的男士所设计',3,''),(307,'2012-11-09 22:29:58',1,11,'60','罗马大帝终极版 加长7频双跳蛋 双向搅动 史上最逼真的成人用品',3,''),(308,'2012-11-09 22:29:58',1,11,'59','加拿大WeVibe成人用品-维依3代男女共用震动器',3,''),(309,'2012-11-09 22:29:58',1,11,'58','全球首款温感调频龙之舌G点棒 专业评测',3,''),(310,'2012-11-09 22:29:58',1,11,'57','男用前列刺激精品 鲍勃情动茄瓜 性趣评测',3,''),(311,'2012-11-09 22:29:58',1,11,'56','康特尔前列腺震动棒 前列腺会阴同时刺激 双点可刺激',3,''),(312,'2012-11-09 22:29:58',1,11,'55','SEXTOYS 双跳蛋 双重体验 性趣专业评测',3,''),(313,'2012-11-09 22:29:58',1,11,'54','日本av利器 日暮里-AV按摩棒 独家测评',3,''),(314,'2012-11-09 22:29:58',1,11,'53','欧丹遥控情趣震环按摩器设计版【瑞典LELO 二代升级版附赠闭合环型尾翼】',3,''),(315,'2012-11-09 22:29:58',1,11,'52','娇娃吸附振动自乐杯（热辣少女KJ版，刺激升级） 中国百乐',3,''),(316,'2012-11-09 22:29:58',1,11,'51','性福一手掌握---Alia 阿莉娅女性下部震动器专业测评',3,''),(317,'2012-11-09 22:29:58',1,11,'50','那一刻 你离上帝是那么的进-----4Umachine 性爱魔球专业评测',3,''),(318,'2012-11-09 22:29:58',1,11,'49','改款奥迪A4L首度曝光',3,''),(319,'2012-11-09 22:29:58',1,11,'48','新奥迪A4于2014年推出',3,''),(320,'2012-11-09 22:29:58',1,11,'47','奥迪新A4效果图曝光',3,''),(321,'2012-11-09 22:29:58',1,11,'46','奥迪A4L都市精英之旅',3,''),(322,'2012-11-09 22:29:58',1,11,'45','奥迪或推出跨界车型',3,''),(323,'2012-11-09 22:29:58',1,11,'44','2013款奥迪A4解析',3,''),(324,'2012-11-09 22:29:58',1,11,'43','全新奥迪A4L上市导购',3,''),(325,'2012-11-09 22:29:58',1,11,'42','试驾评测奥迪A4L',3,''),(326,'2012-11-09 22:29:58',1,11,'41','奥迪A4L优惠达3万',3,''),(327,'2012-11-09 22:29:58',1,11,'40','奥迪Allroad北美首发',3,''),(328,'2012-11-09 22:29:58',1,11,'39','奥迪新A4L即将上市',3,''),(329,'2012-11-09 22:29:58',1,11,'38','喜多泽雷激双穴名器（隐退纪念版/附赠喜多泽亲笔信哦~） 日本DNA 750克超厚重肉体，双腔道等你体验',3,''),(330,'2012-11-09 22:29:58',1,11,'37','音乐人Musicman声感振动棒（全球首款声感变频振动棒 专利技术 双感音模式 双马达独立控制 情趣玩具进入声控时代！）',3,''),(331,'2012-11-09 22:29:58',1,11,'36','会听音乐的振动棒！—美国OhMiBod随音振动魔力棒评测',3,''),(332,'2012-11-09 22:29:58',1,11,'35','徜徉在花丛中的蝶之恋—美国Ultrazone 蝶中蝶转珠按摩棒',3,''),(333,'2012-11-09 22:29:58',1,11,'34','一举两得的激欲丰胸按摩器！',3,''),(334,'2012-11-09 22:29:58',1,11,'33','舌头挑逗的诱惑——维依Touch（舌尖战栗）振动器完全评测',3,''),(335,'2012-11-09 22:29:58',1,11,'32','日本超熟艺妓花魁名器评测',3,''),(336,'2012-11-09 22:29:58',1,11,'31','全心全意的反斗小鬼转珠棒',3,''),(337,'2012-11-09 22:29:58',1,11,'30','真实的亚洲尺寸—中国爱世界 罗马大帝',3,''),(338,'2012-11-09 22:29:58',1,11,'29','【暴力拆解】剥开果实见真知——龙之舌温感振动器完全揭秘！',3,''),(339,'2012-11-09 22:29:58',1,11,'22','ALio Moon扶桑恋人低胸缎面和服三件组',3,''),(340,'2012-11-09 22:29:58',1,11,'21','台湾VitaBilla 粉色吊带蜜桃粉系前开式蕾丝',3,''),(341,'2012-11-09 22:29:58',1,11,'20','魔性之眼‧魅惑迷人性感睡衣（紫）',3,''),(342,'2012-11-09 22:29:58',1,11,'19','七彩虞美人*彩色渔网衣包臀裙',3,''),(343,'2012-11-09 22:29:58',1,11,'18','早安情人 格纹女仆装三件组（粉格）',3,''),(344,'2012-11-09 22:29:58',1,11,'17','攻佔你心‧緞面蕾絲性感睡衣(黑、桃)',3,''),(345,'2012-11-09 22:29:58',1,11,'16','粉色遐想‧角色扮演四件組(粉)',3,''),(346,'2012-11-09 22:29:58',1,11,'15','红色可爱女佣制服迷惑吊袜带套装',3,''),(347,'2012-11-09 22:29:58',1,11,'14','红色连体 爆乳网纱性感透明内',3,''),(348,'2012-11-09 22:29:58',1,11,'13','暧昧炫染性感裙装',3,''),(349,'2012-11-09 22:29:58',1,11,'12','Alio Moon 甜心小女佣 围裙角色扮演服',3,''),(350,'2012-11-09 22:29:58',1,11,'11','Alio Moon 甜心女仆 角色扮演(六件组)',3,''),(351,'2012-11-09 22:29:58',1,11,'10','Fee Sexy 爱恋熏衣草 女仆角色扮演服',3,''),(352,'2012-11-09 22:29:58',1,11,'9','Alio Moon 白色诱惑 护士角色扮演服3件组',3,''),(353,'2012-11-09 22:29:58',1,11,'8','台湾VitaBilla 同浴爱河粉色薄纱配以缎带滚边',3,''),(354,'2012-11-09 22:29:58',1,11,'7','学生时代魅力 制服套装情趣内衣',3,''),(355,'2012-11-09 22:29:58',1,11,'6','香港女星最爱女警情趣制服',3,''),(356,'2012-11-09 22:29:58',1,11,'5','三点式的白衣天使护士制服',3,''),(357,'2012-11-09 22:29:58',1,11,'4','马提亚黑色开叉美臀甜美女仆游戏服',3,''),(358,'2012-11-09 22:29:58',1,11,'3',' Selebritee小黑点开档连身袜-美国Selebritee',3,''),(359,'2012-11-09 22:29:58',1,11,'2','一口咬定朱唇按摩器-香港积之美樱桃小口 随意调控 上下抽动',3,''),(360,'2012-11-09 22:30:11',1,14,'459','PostImage object',3,''),(361,'2012-11-09 22:30:11',1,14,'458','PostImage object',3,''),(362,'2012-11-09 22:30:11',1,14,'457','PostImage object',3,''),(363,'2012-11-09 22:30:11',1,14,'456','PostImage object',3,''),(364,'2012-11-09 22:30:11',1,14,'455','PostImage object',3,''),(365,'2012-11-09 22:30:11',1,14,'454','PostImage object',3,''),(366,'2012-11-09 22:30:11',1,14,'453','PostImage object',3,''),(367,'2012-11-09 22:30:11',1,14,'452','PostImage object',3,''),(368,'2012-11-09 22:30:11',1,14,'451','PostImage object',3,''),(369,'2012-11-09 22:30:11',1,14,'450','PostImage object',3,''),(370,'2012-11-09 22:30:11',1,14,'449','PostImage object',3,''),(371,'2012-11-09 22:30:11',1,14,'448','PostImage object',3,''),(372,'2012-11-09 22:30:11',1,14,'447','PostImage object',3,''),(373,'2012-11-09 22:30:11',1,14,'446','PostImage object',3,''),(374,'2012-11-09 22:30:11',1,14,'445','PostImage object',3,''),(375,'2012-11-09 22:30:11',1,14,'444','PostImage object',3,''),(376,'2012-11-09 22:30:11',1,14,'443','PostImage object',3,''),(377,'2012-11-09 22:30:11',1,14,'442','PostImage object',3,''),(378,'2012-11-09 22:30:11',1,14,'441','PostImage object',3,''),(379,'2012-11-09 22:30:11',1,14,'440','PostImage object',3,''),(380,'2012-11-09 22:30:11',1,14,'439','PostImage object',3,''),(381,'2012-11-09 22:30:11',1,14,'438','PostImage object',3,''),(382,'2012-11-09 22:30:11',1,14,'437','PostImage object',3,''),(383,'2012-11-09 22:30:11',1,14,'436','PostImage object',3,''),(384,'2012-11-09 22:30:11',1,14,'435','PostImage object',3,''),(385,'2012-11-09 22:30:11',1,14,'434','PostImage object',3,''),(386,'2012-11-09 22:30:11',1,14,'433','PostImage object',3,''),(387,'2012-11-09 22:30:11',1,14,'432','PostImage object',3,''),(388,'2012-11-09 22:30:11',1,14,'431','PostImage object',3,''),(389,'2012-11-09 22:30:11',1,14,'430','PostImage object',3,''),(390,'2012-11-09 22:30:11',1,14,'429','PostImage object',3,''),(391,'2012-11-09 22:30:11',1,14,'428','PostImage object',3,''),(392,'2012-11-09 22:30:11',1,14,'427','PostImage object',3,''),(393,'2012-11-09 22:30:11',1,14,'426','PostImage object',3,''),(394,'2012-11-09 22:30:11',1,14,'425','PostImage object',3,''),(395,'2012-11-09 22:30:11',1,14,'424','PostImage object',3,''),(396,'2012-11-09 22:30:11',1,14,'423','PostImage object',3,''),(397,'2012-11-09 22:30:11',1,14,'422','PostImage object',3,''),(398,'2012-11-09 22:30:11',1,14,'421','PostImage object',3,''),(399,'2012-11-09 22:30:11',1,14,'420','PostImage object',3,''),(400,'2012-11-09 22:30:11',1,14,'419','PostImage object',3,''),(401,'2012-11-09 22:30:11',1,14,'418','PostImage object',3,''),(402,'2012-11-09 22:30:11',1,14,'417','PostImage object',3,''),(403,'2012-11-09 22:30:11',1,14,'416','PostImage object',3,''),(404,'2012-11-09 22:30:11',1,14,'415','PostImage object',3,''),(405,'2012-11-09 22:30:11',1,14,'414','PostImage object',3,''),(406,'2012-11-09 22:30:11',1,14,'413','PostImage object',3,''),(407,'2012-11-09 22:30:11',1,14,'412','PostImage object',3,''),(408,'2012-11-09 22:30:11',1,14,'411','PostImage object',3,''),(409,'2012-11-09 22:30:11',1,14,'410','PostImage object',3,''),(410,'2012-11-09 22:30:11',1,14,'409','PostImage object',3,''),(411,'2012-11-09 22:30:11',1,14,'408','PostImage object',3,''),(412,'2012-11-09 22:30:11',1,14,'407','PostImage object',3,''),(413,'2012-11-09 22:30:11',1,14,'406','PostImage object',3,''),(414,'2012-11-09 22:30:11',1,14,'405','PostImage object',3,''),(415,'2012-11-09 22:30:11',1,14,'404','PostImage object',3,''),(416,'2012-11-09 22:30:11',1,14,'403','PostImage object',3,''),(417,'2012-11-09 22:30:11',1,14,'402','PostImage object',3,''),(418,'2012-11-09 22:30:11',1,14,'401','PostImage object',3,''),(419,'2012-11-09 22:30:11',1,14,'400','PostImage object',3,''),(420,'2012-11-09 22:30:11',1,14,'399','PostImage object',3,''),(421,'2012-11-09 22:30:11',1,14,'398','PostImage object',3,''),(422,'2012-11-09 22:30:11',1,14,'397','PostImage object',3,''),(423,'2012-11-09 22:30:11',1,14,'396','PostImage object',3,''),(424,'2012-11-09 22:30:11',1,14,'395','PostImage object',3,''),(425,'2012-11-09 22:30:11',1,14,'394','PostImage object',3,''),(426,'2012-11-09 22:30:11',1,14,'393','PostImage object',3,''),(427,'2012-11-09 22:30:11',1,14,'392','PostImage object',3,''),(428,'2012-11-09 22:30:11',1,14,'391','PostImage object',3,''),(429,'2012-11-09 22:30:11',1,14,'390','PostImage object',3,''),(430,'2012-11-09 22:30:11',1,14,'389','PostImage object',3,''),(431,'2012-11-09 22:30:11',1,14,'388','PostImage object',3,''),(432,'2012-11-09 22:30:11',1,14,'387','PostImage object',3,''),(433,'2012-11-09 22:30:11',1,14,'386','PostImage object',3,''),(434,'2012-11-09 22:30:11',1,14,'385','PostImage object',3,''),(435,'2012-11-09 22:30:11',1,14,'384','PostImage object',3,''),(436,'2012-11-09 22:30:11',1,14,'383','PostImage object',3,''),(437,'2012-11-09 22:30:11',1,14,'382','PostImage object',3,''),(438,'2012-11-09 22:30:11',1,14,'381','PostImage object',3,''),(439,'2012-11-09 22:30:11',1,14,'380','PostImage object',3,''),(440,'2012-11-09 22:30:11',1,14,'379','PostImage object',3,''),(441,'2012-11-09 22:30:11',1,14,'378','PostImage object',3,''),(442,'2012-11-09 22:30:11',1,14,'377','PostImage object',3,''),(443,'2012-11-09 22:30:11',1,14,'376','PostImage object',3,''),(444,'2012-11-09 22:30:11',1,14,'375','PostImage object',3,''),(445,'2012-11-09 22:30:11',1,14,'374','PostImage object',3,''),(446,'2012-11-09 22:30:11',1,14,'373','PostImage object',3,''),(447,'2012-11-09 22:30:11',1,14,'372','PostImage object',3,''),(448,'2012-11-09 22:30:11',1,14,'371','PostImage object',3,''),(449,'2012-11-09 22:30:11',1,14,'370','PostImage object',3,''),(450,'2012-11-09 22:30:11',1,14,'369','PostImage object',3,''),(451,'2012-11-09 22:30:11',1,14,'368','PostImage object',3,''),(452,'2012-11-09 22:30:11',1,14,'367','PostImage object',3,''),(453,'2012-11-09 22:30:11',1,14,'366','PostImage object',3,''),(454,'2012-11-09 22:30:11',1,14,'365','PostImage object',3,''),(455,'2012-11-09 22:30:11',1,14,'364','PostImage object',3,''),(456,'2012-11-09 22:30:11',1,14,'363','PostImage object',3,''),(457,'2012-11-09 22:30:11',1,14,'362','PostImage object',3,''),(458,'2012-11-09 22:30:11',1,14,'361','PostImage object',3,''),(459,'2012-11-09 22:30:11',1,14,'360','PostImage object',3,''),(460,'2012-11-09 22:30:19',1,14,'359','PostImage object',3,''),(461,'2012-11-09 22:30:19',1,14,'358','PostImage object',3,''),(462,'2012-11-09 22:30:19',1,14,'357','PostImage object',3,''),(463,'2012-11-09 22:30:19',1,14,'356','PostImage object',3,''),(464,'2012-11-09 22:30:20',1,14,'355','PostImage object',3,''),(465,'2012-11-09 22:30:20',1,14,'354','PostImage object',3,''),(466,'2012-11-09 22:30:20',1,14,'353','PostImage object',3,''),(467,'2012-11-09 22:30:20',1,14,'352','PostImage object',3,''),(468,'2012-11-09 22:30:20',1,14,'351','PostImage object',3,''),(469,'2012-11-09 22:30:20',1,14,'350','PostImage object',3,''),(470,'2012-11-09 22:30:20',1,14,'349','PostImage object',3,''),(471,'2012-11-09 22:30:20',1,14,'348','PostImage object',3,''),(472,'2012-11-09 22:30:20',1,14,'347','PostImage object',3,''),(473,'2012-11-09 22:30:20',1,14,'346','PostImage object',3,''),(474,'2012-11-09 22:30:20',1,14,'345','PostImage object',3,''),(475,'2012-11-09 22:30:20',1,14,'344','PostImage object',3,''),(476,'2012-11-09 22:30:20',1,14,'343','PostImage object',3,''),(477,'2012-11-09 22:30:20',1,14,'342','PostImage object',3,''),(478,'2012-11-09 22:30:20',1,14,'341','PostImage object',3,''),(479,'2012-11-09 22:30:20',1,14,'340','PostImage object',3,''),(480,'2012-11-09 22:30:20',1,14,'339','PostImage object',3,''),(481,'2012-11-09 22:30:20',1,14,'338','PostImage object',3,''),(482,'2012-11-09 22:30:20',1,14,'337','PostImage object',3,''),(483,'2012-11-09 22:30:20',1,14,'336','PostImage object',3,''),(484,'2012-11-09 22:30:20',1,14,'335','PostImage object',3,''),(485,'2012-11-09 22:30:20',1,14,'334','PostImage object',3,''),(486,'2012-11-09 22:30:20',1,14,'333','PostImage object',3,''),(487,'2012-11-09 22:30:20',1,14,'332','PostImage object',3,''),(488,'2012-11-09 22:30:20',1,14,'331','PostImage object',3,''),(489,'2012-11-09 22:30:20',1,14,'330','PostImage object',3,''),(490,'2012-11-09 22:30:20',1,14,'329','PostImage object',3,''),(491,'2012-11-09 22:30:20',1,14,'328','PostImage object',3,''),(492,'2012-11-09 22:30:20',1,14,'327','PostImage object',3,''),(493,'2012-11-09 22:30:20',1,14,'326','PostImage object',3,''),(494,'2012-11-09 22:30:20',1,14,'325','PostImage object',3,''),(495,'2012-11-09 22:30:20',1,14,'324','PostImage object',3,''),(496,'2012-11-09 22:30:20',1,14,'323','PostImage object',3,''),(497,'2012-11-09 22:30:20',1,14,'322','PostImage object',3,''),(498,'2012-11-09 22:30:20',1,14,'321','PostImage object',3,''),(499,'2012-11-09 22:30:20',1,14,'320','PostImage object',3,''),(500,'2012-11-09 22:30:20',1,14,'319','PostImage object',3,''),(501,'2012-11-09 22:30:20',1,14,'318','PostImage object',3,''),(502,'2012-11-09 22:30:20',1,14,'317','PostImage object',3,''),(503,'2012-11-09 22:30:20',1,14,'316','PostImage object',3,''),(504,'2012-11-09 22:30:20',1,14,'315','PostImage object',3,''),(505,'2012-11-09 22:30:20',1,14,'314','PostImage object',3,''),(506,'2012-11-09 22:30:20',1,14,'313','PostImage object',3,''),(507,'2012-11-09 22:30:20',1,14,'312','PostImage object',3,''),(508,'2012-11-09 22:30:20',1,14,'311','PostImage object',3,''),(509,'2012-11-09 22:30:20',1,14,'310','PostImage object',3,''),(510,'2012-11-09 22:30:20',1,14,'309','PostImage object',3,''),(511,'2012-11-09 22:30:20',1,14,'308','PostImage object',3,''),(512,'2012-11-09 22:30:20',1,14,'307','PostImage object',3,''),(513,'2012-11-09 22:30:20',1,14,'306','PostImage object',3,''),(514,'2012-11-09 22:30:20',1,14,'305','PostImage object',3,''),(515,'2012-11-09 22:30:20',1,14,'304','PostImage object',3,''),(516,'2012-11-09 22:30:20',1,14,'303','PostImage object',3,''),(517,'2012-11-09 22:30:20',1,14,'302','PostImage object',3,''),(518,'2012-11-09 22:30:20',1,14,'301','PostImage object',3,''),(519,'2012-11-09 22:30:20',1,14,'300','PostImage object',3,''),(520,'2012-11-09 22:30:20',1,14,'299','PostImage object',3,''),(521,'2012-11-09 22:30:20',1,14,'298','PostImage object',3,''),(522,'2012-11-09 22:30:20',1,14,'297','PostImage object',3,''),(523,'2012-11-09 22:30:20',1,14,'296','PostImage object',3,''),(524,'2012-11-09 22:30:20',1,14,'295','PostImage object',3,''),(525,'2012-11-09 22:30:20',1,14,'294','PostImage object',3,''),(526,'2012-11-09 22:30:20',1,14,'293','PostImage object',3,''),(527,'2012-11-09 22:30:20',1,14,'292','PostImage object',3,''),(528,'2012-11-09 22:30:20',1,14,'291','PostImage object',3,''),(529,'2012-11-09 22:30:20',1,14,'290','PostImage object',3,''),(530,'2012-11-09 22:30:20',1,14,'289','PostImage object',3,''),(531,'2012-11-09 22:30:20',1,14,'288','PostImage object',3,''),(532,'2012-11-09 22:30:20',1,14,'287','PostImage object',3,''),(533,'2012-11-09 22:30:20',1,14,'286','PostImage object',3,''),(534,'2012-11-09 22:30:20',1,14,'285','PostImage object',3,''),(535,'2012-11-09 22:30:20',1,14,'284','PostImage object',3,''),(536,'2012-11-09 22:30:20',1,14,'283','PostImage object',3,''),(537,'2012-11-09 22:30:20',1,14,'282','PostImage object',3,''),(538,'2012-11-09 22:30:20',1,14,'281','PostImage object',3,''),(539,'2012-11-09 22:30:20',1,14,'280','PostImage object',3,''),(540,'2012-11-09 22:30:20',1,14,'279','PostImage object',3,''),(541,'2012-11-09 22:30:20',1,14,'278','PostImage object',3,''),(542,'2012-11-09 22:30:20',1,14,'277','PostImage object',3,''),(543,'2012-11-09 22:30:20',1,14,'276','PostImage object',3,''),(544,'2012-11-09 22:30:20',1,14,'275','PostImage object',3,''),(545,'2012-11-09 22:30:20',1,14,'274','PostImage object',3,''),(546,'2012-11-09 22:30:20',1,14,'273','PostImage object',3,''),(547,'2012-11-09 22:30:20',1,14,'272','PostImage object',3,''),(548,'2012-11-09 22:30:20',1,14,'271','PostImage object',3,''),(549,'2012-11-09 22:30:20',1,14,'270','PostImage object',3,''),(550,'2012-11-09 22:30:20',1,14,'269','PostImage object',3,''),(551,'2012-11-09 22:30:20',1,14,'268','PostImage object',3,''),(552,'2012-11-09 22:30:20',1,14,'267','PostImage object',3,''),(553,'2012-11-09 22:30:20',1,14,'266','PostImage object',3,''),(554,'2012-11-09 22:30:20',1,14,'265','PostImage object',3,''),(555,'2012-11-09 22:30:20',1,14,'264','PostImage object',3,''),(556,'2012-11-09 22:30:20',1,14,'263','PostImage object',3,''),(557,'2012-11-09 22:30:20',1,14,'262','PostImage object',3,''),(558,'2012-11-09 22:30:20',1,14,'261','PostImage object',3,''),(559,'2012-11-09 22:30:20',1,14,'260','PostImage object',3,''),(560,'2012-11-09 22:30:25',1,14,'259','PostImage object',3,''),(561,'2012-11-09 22:30:25',1,14,'258','PostImage object',3,''),(562,'2012-11-09 22:30:25',1,14,'257','PostImage object',3,''),(563,'2012-11-09 22:30:25',1,14,'256','PostImage object',3,''),(564,'2012-11-09 22:30:25',1,14,'255','PostImage object',3,''),(565,'2012-11-09 22:30:25',1,14,'254','PostImage object',3,''),(566,'2012-11-09 22:30:25',1,14,'253','PostImage object',3,''),(567,'2012-11-09 22:30:25',1,14,'252','PostImage object',3,''),(568,'2012-11-09 22:30:25',1,14,'251','PostImage object',3,''),(569,'2012-11-09 22:30:25',1,14,'250','PostImage object',3,''),(570,'2012-11-09 22:30:25',1,14,'249','PostImage object',3,''),(571,'2012-11-09 22:30:25',1,14,'248','PostImage object',3,''),(572,'2012-11-09 22:30:25',1,14,'247','PostImage object',3,''),(573,'2012-11-09 22:30:25',1,14,'246','PostImage object',3,''),(574,'2012-11-09 22:30:25',1,14,'245','PostImage object',3,''),(575,'2012-11-09 22:30:25',1,14,'244','PostImage object',3,''),(576,'2012-11-09 22:30:25',1,14,'243','PostImage object',3,''),(577,'2012-11-09 22:30:25',1,14,'242','PostImage object',3,''),(578,'2012-11-09 22:30:25',1,14,'241','PostImage object',3,''),(579,'2012-11-09 22:30:25',1,14,'240','PostImage object',3,''),(580,'2012-11-09 22:30:25',1,14,'239','PostImage object',3,''),(581,'2012-11-09 22:30:25',1,14,'238','PostImage object',3,''),(582,'2012-11-09 22:30:25',1,14,'237','PostImage object',3,''),(583,'2012-11-09 22:30:25',1,14,'236','PostImage object',3,''),(584,'2012-11-09 22:30:25',1,14,'235','PostImage object',3,''),(585,'2012-11-09 22:30:25',1,14,'234','PostImage object',3,''),(586,'2012-11-09 22:30:25',1,14,'233','PostImage object',3,''),(587,'2012-11-09 22:30:25',1,14,'232','PostImage object',3,''),(588,'2012-11-09 22:30:25',1,14,'231','PostImage object',3,''),(589,'2012-11-09 22:30:25',1,14,'230','PostImage object',3,''),(590,'2012-11-09 22:30:25',1,14,'229','PostImage object',3,''),(591,'2012-11-09 22:30:25',1,14,'228','PostImage object',3,''),(592,'2012-11-09 22:30:25',1,14,'227','PostImage object',3,''),(593,'2012-11-09 22:30:25',1,14,'226','PostImage object',3,''),(594,'2012-11-09 22:30:25',1,14,'225','PostImage object',3,''),(595,'2012-11-09 22:30:25',1,14,'224','PostImage object',3,''),(596,'2012-11-09 22:30:25',1,14,'223','PostImage object',3,''),(597,'2012-11-09 22:30:25',1,14,'222','PostImage object',3,''),(598,'2012-11-09 22:30:25',1,14,'221','PostImage object',3,''),(599,'2012-11-09 22:30:25',1,14,'220','PostImage object',3,''),(600,'2012-11-09 22:30:25',1,14,'219','PostImage object',3,''),(601,'2012-11-09 22:30:25',1,14,'218','PostImage object',3,''),(602,'2012-11-09 22:30:25',1,14,'217','PostImage object',3,''),(603,'2012-11-09 22:30:25',1,14,'216','PostImage object',3,''),(604,'2012-11-09 22:30:25',1,14,'215','PostImage object',3,''),(605,'2012-11-09 22:30:25',1,14,'214','PostImage object',3,''),(606,'2012-11-09 22:30:25',1,14,'213','PostImage object',3,''),(607,'2012-11-09 22:30:25',1,14,'212','PostImage object',3,''),(608,'2012-11-09 22:30:25',1,14,'211','PostImage object',3,''),(609,'2012-11-09 22:30:25',1,14,'210','PostImage object',3,''),(610,'2012-11-09 22:30:25',1,14,'209','PostImage object',3,''),(611,'2012-11-09 22:30:25',1,14,'208','PostImage object',3,''),(612,'2012-11-09 22:30:25',1,14,'207','PostImage object',3,''),(613,'2012-11-09 22:30:25',1,14,'206','PostImage object',3,''),(614,'2012-11-09 22:30:25',1,14,'205','PostImage object',3,''),(615,'2012-11-09 22:30:25',1,14,'204','PostImage object',3,''),(616,'2012-11-09 22:30:25',1,14,'203','PostImage object',3,''),(617,'2012-11-09 22:30:25',1,14,'202','PostImage object',3,''),(618,'2012-11-09 22:30:25',1,14,'201','PostImage object',3,''),(619,'2012-11-09 22:30:25',1,14,'200','PostImage object',3,''),(620,'2012-11-09 22:30:25',1,14,'199','PostImage object',3,''),(621,'2012-11-09 22:30:25',1,14,'198','PostImage object',3,''),(622,'2012-11-09 22:30:25',1,14,'197','PostImage object',3,''),(623,'2012-11-09 22:30:25',1,14,'196','PostImage object',3,''),(624,'2012-11-09 22:30:25',1,14,'195','PostImage object',3,''),(625,'2012-11-09 22:30:25',1,14,'194','PostImage object',3,''),(626,'2012-11-09 22:30:25',1,14,'193','PostImage object',3,''),(627,'2012-11-09 22:30:25',1,14,'192','PostImage object',3,''),(628,'2012-11-09 22:30:25',1,14,'191','PostImage object',3,''),(629,'2012-11-09 22:30:25',1,14,'190','PostImage object',3,''),(630,'2012-11-09 22:30:25',1,14,'189','PostImage object',3,''),(631,'2012-11-09 22:30:25',1,14,'188','PostImage object',3,''),(632,'2012-11-09 22:30:25',1,14,'187','PostImage object',3,''),(633,'2012-11-09 22:30:26',1,14,'186','PostImage object',3,''),(634,'2012-11-09 22:30:26',1,14,'185','PostImage object',3,''),(635,'2012-11-09 22:30:26',1,14,'184','PostImage object',3,''),(636,'2012-11-09 22:30:26',1,14,'183','PostImage object',3,''),(637,'2012-11-09 22:30:26',1,14,'182','PostImage object',3,''),(638,'2012-11-09 22:30:26',1,14,'181','PostImage object',3,''),(639,'2012-11-09 22:30:26',1,14,'180','PostImage object',3,''),(640,'2012-11-09 22:30:26',1,14,'179','PostImage object',3,''),(641,'2012-11-09 22:30:26',1,14,'178','PostImage object',3,''),(642,'2012-11-09 22:30:26',1,14,'177','PostImage object',3,''),(643,'2012-11-09 22:30:26',1,14,'176','PostImage object',3,''),(644,'2012-11-09 22:30:26',1,14,'175','PostImage object',3,''),(645,'2012-11-09 22:30:26',1,14,'174','PostImage object',3,''),(646,'2012-11-09 22:30:26',1,14,'173','PostImage object',3,''),(647,'2012-11-09 22:30:26',1,14,'172','PostImage object',3,''),(648,'2012-11-09 22:30:26',1,14,'171','PostImage object',3,''),(649,'2012-11-09 22:30:26',1,14,'170','PostImage object',3,''),(650,'2012-11-09 22:30:26',1,14,'169','PostImage object',3,''),(651,'2012-11-09 22:30:26',1,14,'168','PostImage object',3,''),(652,'2012-11-09 22:30:26',1,14,'167','PostImage object',3,''),(653,'2012-11-09 22:30:26',1,14,'166','PostImage object',3,''),(654,'2012-11-09 22:30:26',1,14,'165','PostImage object',3,''),(655,'2012-11-09 22:30:26',1,14,'164','PostImage object',3,''),(656,'2012-11-09 22:30:26',1,14,'163','PostImage object',3,''),(657,'2012-11-09 22:30:26',1,14,'162','PostImage object',3,''),(658,'2012-11-09 22:30:26',1,14,'161','PostImage object',3,''),(659,'2012-11-09 22:30:26',1,14,'160','PostImage object',3,''),(660,'2012-11-09 22:30:31',1,14,'159','PostImage object',3,''),(661,'2012-11-09 22:30:31',1,14,'158','PostImage object',3,''),(662,'2012-11-09 22:30:31',1,14,'157','PostImage object',3,''),(663,'2012-11-09 22:30:31',1,14,'156','PostImage object',3,''),(664,'2012-11-09 22:30:31',1,14,'155','PostImage object',3,''),(665,'2012-11-09 22:30:31',1,14,'154','PostImage object',3,''),(666,'2012-11-09 22:30:31',1,14,'153','PostImage object',3,''),(667,'2012-11-09 22:30:31',1,14,'152','PostImage object',3,''),(668,'2012-11-09 22:30:31',1,14,'151','PostImage object',3,''),(669,'2012-11-09 22:30:31',1,14,'150','PostImage object',3,''),(670,'2012-11-09 22:30:31',1,14,'149','PostImage object',3,''),(671,'2012-11-09 22:30:31',1,14,'148','PostImage object',3,''),(672,'2012-11-09 22:30:31',1,14,'147','PostImage object',3,''),(673,'2012-11-09 22:30:31',1,14,'146','PostImage object',3,''),(674,'2012-11-09 22:30:31',1,14,'145','PostImage object',3,''),(675,'2012-11-09 22:30:31',1,14,'144','PostImage object',3,''),(676,'2012-11-09 22:30:31',1,14,'143','PostImage object',3,''),(677,'2012-11-09 22:30:31',1,14,'142','PostImage object',3,''),(678,'2012-11-09 22:30:31',1,14,'141','PostImage object',3,''),(679,'2012-11-09 22:30:31',1,14,'140','PostImage object',3,''),(680,'2012-11-09 22:30:31',1,14,'139','PostImage object',3,''),(681,'2012-11-09 22:30:31',1,14,'138','PostImage object',3,''),(682,'2012-11-09 22:30:31',1,14,'137','PostImage object',3,''),(683,'2012-11-09 22:30:31',1,14,'136','PostImage object',3,''),(684,'2012-11-09 22:30:31',1,14,'135','PostImage object',3,''),(685,'2012-11-09 22:30:31',1,14,'134','PostImage object',3,''),(686,'2012-11-09 22:30:31',1,14,'133','PostImage object',3,''),(687,'2012-11-09 22:30:31',1,14,'132','PostImage object',3,''),(688,'2012-11-09 22:30:31',1,14,'131','PostImage object',3,''),(689,'2012-11-09 22:30:31',1,14,'130','PostImage object',3,''),(690,'2012-11-09 22:30:31',1,14,'129','PostImage object',3,''),(691,'2012-11-09 22:30:31',1,14,'128','PostImage object',3,''),(692,'2012-11-09 22:30:31',1,14,'127','PostImage object',3,''),(693,'2012-11-09 22:30:31',1,14,'126','PostImage object',3,''),(694,'2012-11-09 22:30:31',1,14,'125','PostImage object',3,''),(695,'2012-11-09 22:30:31',1,14,'124','PostImage object',3,''),(696,'2012-11-09 22:30:31',1,14,'123','PostImage object',3,''),(697,'2012-11-09 22:30:31',1,14,'122','PostImage object',3,''),(698,'2012-11-09 22:30:31',1,14,'121','PostImage object',3,''),(699,'2012-11-09 22:30:31',1,14,'120','PostImage object',3,''),(700,'2012-11-09 22:30:31',1,14,'119','PostImage object',3,''),(701,'2012-11-09 22:30:31',1,14,'118','PostImage object',3,''),(702,'2012-11-09 22:30:31',1,14,'117','PostImage object',3,''),(703,'2012-11-09 22:30:31',1,14,'116','PostImage object',3,''),(704,'2012-11-09 22:30:31',1,14,'115','PostImage object',3,''),(705,'2012-11-09 22:30:31',1,14,'114','PostImage object',3,''),(706,'2012-11-09 22:30:31',1,14,'113','PostImage object',3,''),(707,'2012-11-09 22:30:31',1,14,'112','PostImage object',3,''),(708,'2012-11-09 22:30:31',1,14,'111','PostImage object',3,''),(709,'2012-11-09 22:30:31',1,14,'110','PostImage object',3,''),(710,'2012-11-09 22:30:31',1,14,'109','PostImage object',3,''),(711,'2012-11-09 22:30:31',1,14,'108','PostImage object',3,''),(712,'2012-11-09 22:30:31',1,14,'107','PostImage object',3,''),(713,'2012-11-09 22:30:31',1,14,'106','PostImage object',3,''),(714,'2012-11-09 22:30:31',1,14,'105','PostImage object',3,''),(715,'2012-11-09 22:30:31',1,14,'104','PostImage object',3,''),(716,'2012-11-09 22:30:31',1,14,'103','PostImage object',3,''),(717,'2012-11-09 22:30:31',1,14,'102','PostImage object',3,''),(718,'2012-11-09 22:30:31',1,14,'101','PostImage object',3,''),(719,'2012-11-09 22:30:31',1,14,'100','PostImage object',3,''),(720,'2012-11-09 22:30:31',1,14,'99','PostImage object',3,''),(721,'2012-11-09 22:30:31',1,14,'98','PostImage object',3,''),(722,'2012-11-09 22:30:31',1,14,'97','PostImage object',3,''),(723,'2012-11-09 22:30:31',1,14,'96','PostImage object',3,''),(724,'2012-11-09 22:30:31',1,14,'95','PostImage object',3,''),(725,'2012-11-09 22:30:31',1,14,'94','PostImage object',3,''),(726,'2012-11-09 22:30:31',1,14,'93','PostImage object',3,''),(727,'2012-11-09 22:30:31',1,14,'92','PostImage object',3,''),(728,'2012-11-09 22:30:31',1,14,'91','PostImage object',3,''),(729,'2012-11-09 22:30:31',1,14,'90','PostImage object',3,''),(730,'2012-11-09 22:30:31',1,14,'89','PostImage object',3,''),(731,'2012-11-09 22:30:31',1,14,'88','PostImage object',3,''),(732,'2012-11-09 22:30:31',1,14,'87','PostImage object',3,''),(733,'2012-11-09 22:30:31',1,14,'86','PostImage object',3,''),(734,'2012-11-09 22:30:31',1,14,'85','PostImage object',3,''),(735,'2012-11-09 22:30:31',1,14,'84','PostImage object',3,''),(736,'2012-11-09 22:30:31',1,14,'83','PostImage object',3,''),(737,'2012-11-09 22:30:31',1,14,'82','PostImage object',3,''),(738,'2012-11-09 22:30:31',1,14,'81','PostImage object',3,''),(739,'2012-11-09 22:30:31',1,14,'80','PostImage object',3,''),(740,'2012-11-09 22:30:31',1,14,'79','PostImage object',3,''),(741,'2012-11-09 22:30:31',1,14,'78','PostImage object',3,''),(742,'2012-11-09 22:30:31',1,14,'77','PostImage object',3,''),(743,'2012-11-09 22:30:31',1,14,'76','PostImage object',3,''),(744,'2012-11-09 22:30:31',1,14,'75','PostImage object',3,''),(745,'2012-11-09 22:30:31',1,14,'74','PostImage object',3,''),(746,'2012-11-09 22:30:31',1,14,'73','PostImage object',3,''),(747,'2012-11-09 22:30:31',1,14,'72','PostImage object',3,''),(748,'2012-11-09 22:30:31',1,14,'71','PostImage object',3,''),(749,'2012-11-09 22:30:31',1,14,'70','PostImage object',3,''),(750,'2012-11-09 22:30:31',1,14,'69','PostImage object',3,''),(751,'2012-11-09 22:30:31',1,14,'68','PostImage object',3,''),(752,'2012-11-09 22:30:31',1,14,'67','PostImage object',3,''),(753,'2012-11-09 22:30:31',1,14,'66','PostImage object',3,''),(754,'2012-11-09 22:30:31',1,14,'65','PostImage object',3,''),(755,'2012-11-09 22:30:31',1,14,'64','PostImage object',3,''),(756,'2012-11-09 22:30:31',1,14,'63','PostImage object',3,''),(757,'2012-11-09 22:30:31',1,14,'62','PostImage object',3,''),(758,'2012-11-09 22:30:31',1,14,'61','PostImage object',3,''),(759,'2012-11-09 22:30:31',1,14,'60','PostImage object',3,''),(760,'2012-11-09 22:30:36',1,14,'59','PostImage object',3,''),(761,'2012-11-09 22:30:36',1,14,'58','PostImage object',3,''),(762,'2012-11-09 22:30:36',1,14,'57','PostImage object',3,''),(763,'2012-11-09 22:30:36',1,14,'56','PostImage object',3,''),(764,'2012-11-09 22:30:36',1,14,'55','PostImage object',3,''),(765,'2012-11-09 22:30:36',1,14,'54','PostImage object',3,''),(766,'2012-11-09 22:30:36',1,14,'53','PostImage object',3,''),(767,'2012-11-09 22:30:36',1,14,'52','PostImage object',3,''),(768,'2012-11-09 22:30:36',1,14,'51','PostImage object',3,''),(769,'2012-11-09 22:30:36',1,14,'50','PostImage object',3,''),(770,'2012-11-09 22:30:36',1,14,'49','PostImage object',3,''),(771,'2012-11-09 22:30:36',1,14,'48','PostImage object',3,''),(772,'2012-11-09 22:30:36',1,14,'47','PostImage object',3,''),(773,'2012-11-09 22:30:36',1,14,'46','PostImage object',3,''),(774,'2012-11-09 22:30:36',1,14,'45','PostImage object',3,''),(775,'2012-11-09 22:30:36',1,14,'44','PostImage object',3,''),(776,'2012-11-09 22:30:36',1,14,'43','PostImage object',3,''),(777,'2012-11-09 22:30:36',1,14,'42','PostImage object',3,''),(778,'2012-11-09 22:30:36',1,14,'41','PostImage object',3,''),(779,'2012-11-09 22:30:36',1,14,'40','PostImage object',3,''),(780,'2012-11-09 22:30:36',1,14,'39','PostImage object',3,''),(781,'2012-11-09 22:30:36',1,14,'38','PostImage object',3,''),(782,'2012-11-09 22:30:36',1,14,'37','PostImage object',3,''),(783,'2012-11-09 22:30:36',1,14,'36','PostImage object',3,''),(784,'2012-11-09 22:30:36',1,14,'35','PostImage object',3,''),(785,'2012-11-09 22:30:36',1,14,'34','PostImage object',3,''),(786,'2012-11-09 22:30:36',1,14,'33','PostImage object',3,''),(787,'2012-11-09 22:30:36',1,14,'32','PostImage object',3,''),(788,'2012-11-09 22:30:36',1,14,'31','PostImage object',3,''),(789,'2012-11-09 22:30:36',1,14,'30','PostImage object',3,''),(790,'2012-11-09 22:30:36',1,14,'29','PostImage object',3,''),(791,'2012-11-09 22:30:37',1,14,'28','PostImage object',3,''),(792,'2012-11-09 22:30:37',1,14,'27','PostImage object',3,''),(793,'2012-11-09 22:30:37',1,14,'26','PostImage object',3,''),(794,'2012-11-09 22:30:37',1,14,'25','PostImage object',3,''),(795,'2012-11-09 22:30:37',1,14,'24','PostImage object',3,''),(796,'2012-11-09 22:30:37',1,14,'23','PostImage object',3,''),(797,'2012-11-09 22:30:37',1,14,'22','PostImage object',3,''),(798,'2012-11-09 22:30:37',1,14,'21','PostImage object',3,''),(799,'2012-11-09 22:30:37',1,14,'20','PostImage object',3,''),(800,'2012-11-09 22:30:37',1,14,'19','PostImage object',3,''),(801,'2012-11-09 22:30:37',1,14,'18','PostImage object',3,''),(802,'2012-11-09 22:30:37',1,14,'17','PostImage object',3,''),(803,'2012-11-09 22:30:37',1,14,'16','PostImage object',3,''),(804,'2012-11-09 22:30:37',1,14,'15','PostImage object',3,''),(805,'2012-11-09 22:30:37',1,14,'14','PostImage object',3,''),(806,'2012-11-09 22:30:37',1,14,'13','PostImage object',3,''),(807,'2012-11-09 22:30:37',1,14,'12','PostImage object',3,''),(808,'2012-11-09 22:30:37',1,14,'11','PostImage object',3,''),(809,'2012-11-09 22:30:37',1,14,'10','PostImage object',3,''),(810,'2012-11-09 22:30:37',1,14,'9','PostImage object',3,''),(811,'2012-11-09 22:30:37',1,14,'8','PostImage object',3,''),(812,'2012-11-09 22:30:37',1,14,'7','PostImage object',3,''),(813,'2012-11-09 22:30:37',1,14,'6','PostImage object',3,''),(814,'2012-11-09 22:30:37',1,14,'5','PostImage object',3,''),(815,'2012-11-09 22:30:37',1,14,'4','PostImage object',3,''),(816,'2012-11-09 22:30:37',1,14,'3','PostImage object',3,''),(817,'2012-11-09 22:30:37',1,14,'2','PostImage object',3,''),(818,'2012-11-09 22:30:37',1,14,'1','PostImage object',3,'');
/*!40000 ALTER TABLE `django_admin_log` ENABLE KEYS */;
UNLOCK TABLES;

--
-- Table structure for table `django_content_type`
--

DROP TABLE IF EXISTS `django_content_type`;
/*!40101 SET @saved_cs_client     = @@character_set_client */;
/*!40101 SET character_set_client = utf8 */;
CREATE TABLE `django_content_type` (
  `id` int(11) NOT NULL AUTO_INCREMENT,
  `name` varchar(100) NOT NULL,
  `app_label` varchar(100) NOT NULL,
  `model` varchar(100) NOT NULL,
  PRIMARY KEY (`id`),
  UNIQUE KEY `app_label` (`app_label`,`model`)
) ENGINE=InnoDB AUTO_INCREMENT=25 DEFAULT CHARSET=utf8;
/*!40101 SET character_set_client = @saved_cs_client */;

--
-- Dumping data for table `django_content_type`
--

LOCK TABLES `django_content_type` WRITE;
/*!40000 ALTER TABLE `django_content_type` DISABLE KEYS */;
INSERT INTO `django_content_type` VALUES (1,'permission','auth','permission'),(2,'group','auth','group'),(3,'user','auth','user'),(4,'message','auth','message'),(5,'content type','contenttypes','contenttype'),(6,'session','sessions','session'),(7,'site','sites','site'),(8,'log entry','admin','logentry'),(9,'post type','post','posttype'),(10,'product type','post','producttype'),(11,'post','post','post'),(12,'vote','post','vote'),(13,'neg vote','post','negvote'),(14,'post image','post','postimage'),(15,'reply','post','reply'),(16,'level info','post','levelinfo'),(17,'profile','post','profile'),(18,'gallery','photologue','gallery'),(19,'gallery upload','photologue','galleryupload'),(20,'photo','photologue','photo'),(21,'photo effect','photologue','photoeffect'),(22,'watermark','photologue','watermark'),(23,'photo size','photologue','photosize'),(24,'publisher','post','publisher');
/*!40000 ALTER TABLE `django_content_type` ENABLE KEYS */;
UNLOCK TABLES;

--
-- Table structure for table `django_session`
--

DROP TABLE IF EXISTS `django_session`;
/*!40101 SET @saved_cs_client     = @@character_set_client */;
/*!40101 SET character_set_client = utf8 */;
CREATE TABLE `django_session` (
  `session_key` varchar(40) NOT NULL,
  `session_data` longtext NOT NULL,
  `expire_date` datetime NOT NULL,
  PRIMARY KEY (`session_key`)
) ENGINE=InnoDB DEFAULT CHARSET=utf8;
/*!40101 SET character_set_client = @saved_cs_client */;

--
-- Dumping data for table `django_session`
--

LOCK TABLES `django_session` WRITE;
/*!40000 ALTER TABLE `django_session` DISABLE KEYS */;
INSERT INTO `django_session` VALUES ('379258707b1c6e8cdad9e44d411a37c2','gAJ9cQEoVRJfYXV0aF91c2VyX2JhY2tlbmRxAlUpZGphbmdvLmNvbnRyaWIuYXV0aC5iYWNrZW5k\ncy5Nb2RlbEJhY2tlbmRxA1UNX2F1dGhfdXNlcl9pZHEEigEBdS44YjU3ZDQ1NmFmNGFjMmJlZWU5\nMmU1MmY0NWIxMDQ3OQ==\n','2012-08-23 21:32:13'),('469d2d876e7542104f0aba925342b185','gAJ9cQEoVRJfYXV0aF91c2VyX2JhY2tlbmRxAlUpZGphbmdvLmNvbnRyaWIuYXV0aC5iYWNrZW5k\ncy5Nb2RlbEJhY2tlbmRxA1UNX2F1dGhfdXNlcl9pZHEEigECdS5lNmI3OGQ5MWYyNTRjZTIxYzVi\nZjAwYmNjNDIwMWYyYg==\n','2012-10-31 22:51:15'),('745af12ee13d0a69f6c6793ace801d99','gAJ9cQEoVRJfYXV0aF91c2VyX2JhY2tlbmRxAlUpZGphbmdvLmNvbnRyaWIuYXV0aC5iYWNrZW5k\ncy5Nb2RlbEJhY2tlbmRxA1UNX2F1dGhfdXNlcl9pZHEEigEBdS44YjU3ZDQ1NmFmNGFjMmJlZWU5\nMmU1MmY0NWIxMDQ3OQ==\n','2012-11-01 21:35:53'),('79d46aaad619408b99e515d5a829a930','gAJ9cQEoVRJfYXV0aF91c2VyX2JhY2tlbmRxAlUpZGphbmdvLmNvbnRyaWIuYXV0aC5iYWNrZW5k\ncy5Nb2RlbEJhY2tlbmRxA1UNX2F1dGhfdXNlcl9pZHEEigECdS5lNmI3OGQ5MWYyNTRjZTIxYzVi\nZjAwYmNjNDIwMWYyYg==\n','2012-10-01 21:36:35'),('8cdee10c2014ac2129f0661cb38ef89e','gAJ9cQEoVRJfYXV0aF91c2VyX2JhY2tlbmRxAlUpZGphbmdvLmNvbnRyaWIuYXV0aC5iYWNrZW5k\ncy5Nb2RlbEJhY2tlbmRxA1UNX2F1dGhfdXNlcl9pZHEEigEBdS44YjU3ZDQ1NmFmNGFjMmJlZWU5\nMmU1MmY0NWIxMDQ3OQ==\n','2012-10-01 21:35:40'),('8e34e426afca349fef50a1d7f063d4a1','gAJ9cQEoVRJfYXV0aF91c2VyX2JhY2tlbmRxAlUpZGphbmdvLmNvbnRyaWIuYXV0aC5iYWNrZW5k\ncy5Nb2RlbEJhY2tlbmRxA1UNX2F1dGhfdXNlcl9pZHEEigEBdS44YjU3ZDQ1NmFmNGFjMmJlZWU5\nMmU1MmY0NWIxMDQ3OQ==\n','2012-08-22 22:58:37'),('8fe7167070253ed0da41137ac71157b5','gAJ9cQEoVRJfYXV0aF91c2VyX2JhY2tlbmRxAlUpZGphbmdvLmNvbnRyaWIuYXV0aC5iYWNrZW5k\ncy5Nb2RlbEJhY2tlbmRxA1UNX2F1dGhfdXNlcl9pZHEEigEDdS4wYmEyZWQzYzA0MzY1MjVmMTM1\nOTZlMGFhMzkxYWZmZg==\n','2012-08-26 23:21:39'),('9e2cff4035378a68b7bf95befa17bcef','gAJ9cQEoVRJfYXV0aF91c2VyX2JhY2tlbmRxAlUpZGphbmdvLmNvbnRyaWIuYXV0aC5iYWNrZW5k\ncy5Nb2RlbEJhY2tlbmRxA1UNX2F1dGhfdXNlcl9pZHEEigECdS5lNmI3OGQ5MWYyNTRjZTIxYzVi\nZjAwYmNjNDIwMWYyYg==\n','2012-09-10 21:42:48'),('b1e947efbe0697610b72f201721d5271','gAJ9cQEoVRJfYXV0aF91c2VyX2JhY2tlbmRxAlUpZGphbmdvLmNvbnRyaWIuYXV0aC5iYWNrZW5k\ncy5Nb2RlbEJhY2tlbmRxA1UNX2F1dGhfdXNlcl9pZHEEigEBdS44YjU3ZDQ1NmFmNGFjMmJlZWU5\nMmU1MmY0NWIxMDQ3OQ==\n','2012-11-23 21:57:57'),('e0e43c56e6fe24082a7fb22a62b2b8ce','gAJ9cQEoVRJfYXV0aF91c2VyX2JhY2tlbmRxAlUpZGphbmdvLmNvbnRyaWIuYXV0aC5iYWNrZW5k\ncy5Nb2RlbEJhY2tlbmRxA1UNX2F1dGhfdXNlcl9pZHEEigEBdS44YjU3ZDQ1NmFmNGFjMmJlZWU5\nMmU1MmY0NWIxMDQ3OQ==\n','2012-09-24 22:01:45');
/*!40000 ALTER TABLE `django_session` ENABLE KEYS */;
UNLOCK TABLES;

--
-- Table structure for table `django_site`
--

DROP TABLE IF EXISTS `django_site`;
/*!40101 SET @saved_cs_client     = @@character_set_client */;
/*!40101 SET character_set_client = utf8 */;
CREATE TABLE `django_site` (
  `id` int(11) NOT NULL AUTO_INCREMENT,
  `domain` varchar(100) NOT NULL,
  `name` varchar(50) NOT NULL,
  PRIMARY KEY (`id`)
) ENGINE=InnoDB AUTO_INCREMENT=2 DEFAULT CHARSET=utf8;
/*!40101 SET character_set_client = @saved_cs_client */;

--
-- Dumping data for table `django_site`
--

LOCK TABLES `django_site` WRITE;
/*!40000 ALTER TABLE `django_site` DISABLE KEYS */;
INSERT INTO `django_site` VALUES (1,'example.com','example.com');
/*!40000 ALTER TABLE `django_site` ENABLE KEYS */;
UNLOCK TABLES;

--
-- Table structure for table `photologue_gallery`
--

DROP TABLE IF EXISTS `photologue_gallery`;
/*!40101 SET @saved_cs_client     = @@character_set_client */;
/*!40101 SET character_set_client = utf8 */;
CREATE TABLE `photologue_gallery` (
  `id` int(11) NOT NULL AUTO_INCREMENT,
  `date_added` datetime NOT NULL,
  `title` varchar(100) NOT NULL,
  `title_slug` varchar(50) NOT NULL,
  `description` longtext NOT NULL,
  `is_public` tinyint(1) NOT NULL,
  `tags` varchar(255) NOT NULL,
  PRIMARY KEY (`id`),
  UNIQUE KEY `title` (`title`),
  UNIQUE KEY `title_slug` (`title_slug`)
) ENGINE=InnoDB AUTO_INCREMENT=5 DEFAULT CHARSET=utf8;
/*!40101 SET character_set_client = @saved_cs_client */;

--
-- Dumping data for table `photologue_gallery`
--

LOCK TABLES `photologue_gallery` WRITE;
/*!40000 ALTER TABLE `photologue_gallery` DISABLE KEYS */;
INSERT INTO `photologue_gallery` VALUES (1,'2012-09-10 22:55:00','gallery1','gallery1','<p>gallery1 desc&nbsp;</p>',1,''),(2,'2012-09-10 22:55:21','gallery2','gallery2','<p>gallery2 desc&nbsp;</p>',1,'');
/*!40000 ALTER TABLE `photologue_gallery` ENABLE KEYS */;
UNLOCK TABLES;

--
-- Table structure for table `photologue_gallery_photos`
--

DROP TABLE IF EXISTS `photologue_gallery_photos`;
/*!40101 SET @saved_cs_client     = @@character_set_client */;
/*!40101 SET character_set_client = utf8 */;
CREATE TABLE `photologue_gallery_photos` (
  `id` int(11) NOT NULL AUTO_INCREMENT,
  `gallery_id` int(11) NOT NULL,
  `photo_id` int(11) NOT NULL,
  PRIMARY KEY (`id`),
  UNIQUE KEY `gallery_id` (`gallery_id`,`photo_id`),
  KEY `photologue_gallery_photos_34838cc3` (`gallery_id`),
  KEY `photologue_gallery_photos_7c6c8bb1` (`photo_id`),
  CONSTRAINT `gallery_id_refs_id_1a4563a0` FOREIGN KEY (`gallery_id`) REFERENCES `photologue_gallery` (`id`),
  CONSTRAINT `photo_id_refs_id_41c9ecc` FOREIGN KEY (`photo_id`) REFERENCES `photologue_photo` (`id`)
) ENGINE=InnoDB AUTO_INCREMENT=27 DEFAULT CHARSET=utf8;
/*!40101 SET character_set_client = @saved_cs_client */;

--
-- Dumping data for table `photologue_gallery_photos`
--

LOCK TABLES `photologue_gallery_photos` WRITE;
/*!40000 ALTER TABLE `photologue_gallery_photos` DISABLE KEYS */;
INSERT INTO `photologue_gallery_photos` VALUES (25,1,1),(26,1,2),(24,2,2);
/*!40000 ALTER TABLE `photologue_gallery_photos` ENABLE KEYS */;
UNLOCK TABLES;

--
-- Table structure for table `photologue_galleryupload`
--

DROP TABLE IF EXISTS `photologue_galleryupload`;
/*!40101 SET @saved_cs_client     = @@character_set_client */;
/*!40101 SET character_set_client = utf8 */;
CREATE TABLE `photologue_galleryupload` (
  `id` int(11) NOT NULL AUTO_INCREMENT,
  `zip_file` varchar(100) NOT NULL,
  `gallery_id` int(11) DEFAULT NULL,
  `title` varchar(75) NOT NULL,
  `caption` longtext NOT NULL,
  `description` longtext NOT NULL,
  `is_public` tinyint(1) NOT NULL,
  `tags` varchar(255) NOT NULL,
  PRIMARY KEY (`id`),
  KEY `photologue_galleryupload_34838cc3` (`gallery_id`),
  CONSTRAINT `gallery_id_refs_id_6f0a53d8` FOREIGN KEY (`gallery_id`) REFERENCES `photologue_gallery` (`id`)
) ENGINE=InnoDB DEFAULT CHARSET=utf8;
/*!40101 SET character_set_client = @saved_cs_client */;

--
-- Dumping data for table `photologue_galleryupload`
--

LOCK TABLES `photologue_galleryupload` WRITE;
/*!40000 ALTER TABLE `photologue_galleryupload` DISABLE KEYS */;
/*!40000 ALTER TABLE `photologue_galleryupload` ENABLE KEYS */;
UNLOCK TABLES;

--
-- Table structure for table `photologue_photo`
--

DROP TABLE IF EXISTS `photologue_photo`;
/*!40101 SET @saved_cs_client     = @@character_set_client */;
/*!40101 SET character_set_client = utf8 */;
CREATE TABLE `photologue_photo` (
  `id` int(11) NOT NULL AUTO_INCREMENT,
  `image` varchar(100) NOT NULL,
  `date_taken` datetime DEFAULT NULL,
  `view_count` int(10) unsigned NOT NULL,
  `crop_from` varchar(10) NOT NULL,
  `effect_id` int(11) DEFAULT NULL,
  `title` varchar(100) NOT NULL,
  `title_slug` varchar(50) NOT NULL,
  `caption` longtext NOT NULL,
  `date_added` datetime NOT NULL,
  `is_public` tinyint(1) NOT NULL,
  `tags` varchar(255) NOT NULL,
  PRIMARY KEY (`id`),
  UNIQUE KEY `title` (`title`),
  UNIQUE KEY `title_slug` (`title_slug`),
  KEY `photologue_photo_14e7a2c1` (`effect_id`),
  CONSTRAINT `effect_id_refs_id_3aefc8e` FOREIGN KEY (`effect_id`) REFERENCES `photologue_photoeffect` (`id`)
) ENGINE=InnoDB AUTO_INCREMENT=3 DEFAULT CHARSET=utf8;
/*!40101 SET character_set_client = @saved_cs_client */;

--
-- Dumping data for table `photologue_photo`
--

LOCK TABLES `photologue_photo` WRITE;
/*!40000 ALTER TABLE `photologue_photo` DISABLE KEYS */;
INSERT INTO `photologue_photo` VALUES (1,'photologue/photos/03cd844f014294f5319bc2b78d64c3a9.jpg','2012-09-10 22:56:23',0,'center',NULL,'photo1','photo1','<p>&nbsp;photo1 caption</p>','2012-09-10 22:56:23',1,''),(2,'photologue/photos/2a_1.jpg','2012-09-10 22:56:42',0,'center',NULL,'photo2','photo2','<p>photo2 caption&nbsp;</p>','2012-09-10 22:56:42',1,'');
/*!40000 ALTER TABLE `photologue_photo` ENABLE KEYS */;
UNLOCK TABLES;

--
-- Table structure for table `photologue_photoeffect`
--

DROP TABLE IF EXISTS `photologue_photoeffect`;
/*!40101 SET @saved_cs_client     = @@character_set_client */;
/*!40101 SET character_set_client = utf8 */;
CREATE TABLE `photologue_photoeffect` (
  `id` int(11) NOT NULL AUTO_INCREMENT,
  `name` varchar(30) NOT NULL,
  `description` longtext NOT NULL,
  `transpose_method` varchar(15) NOT NULL,
  `color` double NOT NULL,
  `brightness` double NOT NULL,
  `contrast` double NOT NULL,
  `sharpness` double NOT NULL,
  `filters` varchar(200) NOT NULL,
  `reflection_size` double NOT NULL,
  `reflection_strength` double NOT NULL,
  `background_color` varchar(7) NOT NULL,
  PRIMARY KEY (`id`),
  UNIQUE KEY `name` (`name`)
) ENGINE=InnoDB DEFAULT CHARSET=utf8;
/*!40101 SET character_set_client = @saved_cs_client */;

--
-- Dumping data for table `photologue_photoeffect`
--

LOCK TABLES `photologue_photoeffect` WRITE;
/*!40000 ALTER TABLE `photologue_photoeffect` DISABLE KEYS */;
/*!40000 ALTER TABLE `photologue_photoeffect` ENABLE KEYS */;
UNLOCK TABLES;

--
-- Table structure for table `photologue_photosize`
--

DROP TABLE IF EXISTS `photologue_photosize`;
/*!40101 SET @saved_cs_client     = @@character_set_client */;
/*!40101 SET character_set_client = utf8 */;
CREATE TABLE `photologue_photosize` (
  `id` int(11) NOT NULL AUTO_INCREMENT,
  `name` varchar(20) NOT NULL,
  `width` int(10) unsigned NOT NULL,
  `height` int(10) unsigned NOT NULL,
  `quality` int(10) unsigned NOT NULL,
  `upscale` tinyint(1) NOT NULL,
  `crop` tinyint(1) NOT NULL,
  `pre_cache` tinyint(1) NOT NULL,
  `increment_count` tinyint(1) NOT NULL,
  `effect_id` int(11) DEFAULT NULL,
  `watermark_id` int(11) DEFAULT NULL,
  PRIMARY KEY (`id`),
  UNIQUE KEY `name` (`name`),
  KEY `photologue_photosize_14e7a2c1` (`effect_id`),
  KEY `photologue_photosize_7fc953ef` (`watermark_id`),
  CONSTRAINT `effect_id_refs_id_73980e0b` FOREIGN KEY (`effect_id`) REFERENCES `photologue_photoeffect` (`id`),
  CONSTRAINT `watermark_id_refs_id_77887c20` FOREIGN KEY (`watermark_id`) REFERENCES `photologue_watermark` (`id`)
) ENGINE=InnoDB AUTO_INCREMENT=2 DEFAULT CHARSET=utf8;
/*!40101 SET character_set_client = @saved_cs_client */;

--
-- Dumping data for table `photologue_photosize`
--

LOCK TABLES `photologue_photosize` WRITE;
/*!40000 ALTER TABLE `photologue_photosize` DISABLE KEYS */;
INSERT INTO `photologue_photosize` VALUES (1,'admin_thumbnail',80,80,70,0,0,0,0,NULL,NULL);
/*!40000 ALTER TABLE `photologue_photosize` ENABLE KEYS */;
UNLOCK TABLES;

--
-- Table structure for table `photologue_watermark`
--

DROP TABLE IF EXISTS `photologue_watermark`;
/*!40101 SET @saved_cs_client     = @@character_set_client */;
/*!40101 SET character_set_client = utf8 */;
CREATE TABLE `photologue_watermark` (
  `id` int(11) NOT NULL AUTO_INCREMENT,
  `name` varchar(30) NOT NULL,
  `description` longtext NOT NULL,
  `image` varchar(100) NOT NULL,
  `style` varchar(5) NOT NULL,
  `opacity` double NOT NULL,
  PRIMARY KEY (`id`),
  UNIQUE KEY `name` (`name`)
) ENGINE=InnoDB DEFAULT CHARSET=utf8;
/*!40101 SET character_set_client = @saved_cs_client */;

--
-- Dumping data for table `photologue_watermark`
--

LOCK TABLES `photologue_watermark` WRITE;
/*!40000 ALTER TABLE `photologue_watermark` DISABLE KEYS */;
/*!40000 ALTER TABLE `photologue_watermark` ENABLE KEYS */;
UNLOCK TABLES;

--
-- Table structure for table `post_levelinfo`
--

DROP TABLE IF EXISTS `post_levelinfo`;
/*!40101 SET @saved_cs_client     = @@character_set_client */;
/*!40101 SET character_set_client = utf8 */;
CREATE TABLE `post_levelinfo` (
  `id` int(11) NOT NULL AUTO_INCREMENT,
  `exp_required` int(11) NOT NULL,
  `level` int(11) NOT NULL,
  `level_name` longtext NOT NULL,
  `max_input_post` int(11) NOT NULL,
  `max_input_reply` int(11) NOT NULL,
  PRIMARY KEY (`id`)
) ENGINE=InnoDB DEFAULT CHARSET=utf8;
/*!40101 SET character_set_client = @saved_cs_client */;

--
-- Dumping data for table `post_levelinfo`
--

LOCK TABLES `post_levelinfo` WRITE;
/*!40000 ALTER TABLE `post_levelinfo` DISABLE KEYS */;
/*!40000 ALTER TABLE `post_levelinfo` ENABLE KEYS */;
UNLOCK TABLES;

--
-- Table structure for table `post_negvote`
--

DROP TABLE IF EXISTS `post_negvote`;
/*!40101 SET @saved_cs_client     = @@character_set_client */;
/*!40101 SET character_set_client = utf8 */;
CREATE TABLE `post_negvote` (
  `id` int(11) NOT NULL AUTO_INCREMENT,
  `post_id` int(11) NOT NULL,
  `ip` varchar(64) NOT NULL,
  `negvote_date` datetime NOT NULL,
  PRIMARY KEY (`id`),
  KEY `post_negvote_699ae8ca` (`post_id`),
  CONSTRAINT `post_id_refs_id_74e4fc60` FOREIGN KEY (`post_id`) REFERENCES `post_post` (`id`)
) ENGINE=InnoDB DEFAULT CHARSET=utf8;
/*!40101 SET character_set_client = @saved_cs_client */;

--
-- Dumping data for table `post_negvote`
--

LOCK TABLES `post_negvote` WRITE;
/*!40000 ALTER TABLE `post_negvote` DISABLE KEYS */;
/*!40000 ALTER TABLE `post_negvote` ENABLE KEYS */;
UNLOCK TABLES;

--
-- Table structure for table `post_post`
--

DROP TABLE IF EXISTS `post_post`;
/*!40101 SET @saved_cs_client     = @@character_set_client */;
/*!40101 SET character_set_client = utf8 */;
CREATE TABLE `post_post` (
  `id` int(11) NOT NULL AUTO_INCREMENT,
  `user_id` int(11) DEFAULT NULL,
  `title` varchar(200) NOT NULL,
  `category` varchar(200) NOT NULL,
  `type` int(11) NOT NULL,
  `post_type_id` int(11) DEFAULT NULL,
  `product_type_id` int(11) DEFAULT NULL,
  `pic_or_flash` longtext NOT NULL,
  `headline_pic` longtext NOT NULL,
  `preview` longtext NOT NULL,
  `content` longtext NOT NULL,
  `is_public` tinyint(1) NOT NULL,
  `need_roll` tinyint(1) NOT NULL,
  `pub_date` datetime NOT NULL,
  PRIMARY KEY (`id`),
  KEY `post_post_403f60f` (`user_id`),
  KEY `post_post_cd85084` (`post_type_id`),
  KEY `post_post_1a713590` (`product_type_id`),
  CONSTRAINT `post_type_id_refs_id_23cda5c5` FOREIGN KEY (`post_type_id`) REFERENCES `post_posttype` (`id`),
  CONSTRAINT `product_type_id_refs_id_50642fbf` FOREIGN KEY (`product_type_id`) REFERENCES `post_producttype` (`id`),
  CONSTRAINT `user_id_refs_id_50c6389a` FOREIGN KEY (`user_id`) REFERENCES `auth_user` (`id`)
) ENGINE=InnoDB AUTO_INCREMENT=69 DEFAULT CHARSET=utf8;
/*!40101 SET character_set_client = @saved_cs_client */;

--
-- Dumping data for table `post_post`
--

LOCK TABLES `post_post` WRITE;
/*!40000 ALTER TABLE `post_post` DISABLE KEYS */;
/*!40000 ALTER TABLE `post_post` ENABLE KEYS */;
UNLOCK TABLES;

--
-- Table structure for table `post_postimage`
--

DROP TABLE IF EXISTS `post_postimage`;
/*!40101 SET @saved_cs_client     = @@character_set_client */;
/*!40101 SET character_set_client = utf8 */;
CREATE TABLE `post_postimage` (
  `id` int(11) NOT NULL AUTO_INCREMENT,
  `image` varchar(100) NOT NULL,
  `date_taken` datetime DEFAULT NULL,
  `view_count` int(10) unsigned NOT NULL,
  `crop_from` varchar(10) NOT NULL,
  `effect_id` int(11) DEFAULT NULL,
  `user_id` int(11) NOT NULL,
  `upload_date` datetime NOT NULL,
  PRIMARY KEY (`id`),
  KEY `post_postimage_14e7a2c1` (`effect_id`),
  KEY `post_postimage_403f60f` (`user_id`),
  CONSTRAINT `effect_id_refs_id_4c14437f` FOREIGN KEY (`effect_id`) REFERENCES `photologue_photoeffect` (`id`),
  CONSTRAINT `user_id_refs_id_30f99eac` FOREIGN KEY (`user_id`) REFERENCES `auth_user` (`id`)
) ENGINE=InnoDB AUTO_INCREMENT=460 DEFAULT CHARSET=utf8;
/*!40101 SET character_set_client = @saved_cs_client */;

--
-- Dumping data for table `post_postimage`
--

LOCK TABLES `post_postimage` WRITE;
/*!40000 ALTER TABLE `post_postimage` DISABLE KEYS */;
/*!40000 ALTER TABLE `post_postimage` ENABLE KEYS */;
UNLOCK TABLES;

--
-- Table structure for table `post_posttype`
--

DROP TABLE IF EXISTS `post_posttype`;
/*!40101 SET @saved_cs_client     = @@character_set_client */;
/*!40101 SET character_set_client = utf8 */;
CREATE TABLE `post_posttype` (
  `id` int(11) NOT NULL AUTO_INCREMENT,
  `name` varchar(32) NOT NULL,
  PRIMARY KEY (`id`)
) ENGINE=InnoDB AUTO_INCREMENT=6 DEFAULT CHARSET=utf8;
/*!40101 SET character_set_client = @saved_cs_client */;

--
-- Dumping data for table `post_posttype`
--

LOCK TABLES `post_posttype` WRITE;
/*!40000 ALTER TABLE `post_posttype` DISABLE KEYS */;
INSERT INTO `post_posttype` VALUES (1,'热门新品'),(2,'日常使用'),(3,'售后维修');
/*!40000 ALTER TABLE `post_posttype` ENABLE KEYS */;
UNLOCK TABLES;

--
-- Table structure for table `post_producttype`
--

DROP TABLE IF EXISTS `post_producttype`;
/*!40101 SET @saved_cs_client     = @@character_set_client */;
/*!40101 SET character_set_client = utf8 */;
CREATE TABLE `post_producttype` (
  `id` int(11) NOT NULL AUTO_INCREMENT,
  `name` varchar(32) NOT NULL,
  PRIMARY KEY (`id`)
) ENGINE=InnoDB AUTO_INCREMENT=6 DEFAULT CHARSET=utf8;
/*!40101 SET character_set_client = @saved_cs_client */;

--
-- Dumping data for table `post_producttype`
--

LOCK TABLES `post_producttype` WRITE;
/*!40000 ALTER TABLE `post_producttype` DISABLE KEYS */;
INSERT INTO `post_producttype` VALUES (1,'最佳创意'),(2,'精彩搞笑'),(3,'寓意深刻');
/*!40000 ALTER TABLE `post_producttype` ENABLE KEYS */;
UNLOCK TABLES;

--
-- Table structure for table `post_profile`
--

DROP TABLE IF EXISTS `post_profile`;
/*!40101 SET @saved_cs_client     = @@character_set_client */;
/*!40101 SET character_set_client = utf8 */;
CREATE TABLE `post_profile` (
  `id` int(11) NOT NULL AUTO_INCREMENT,
  `user_id` int(11) NOT NULL,
  `level_id` int(11) NOT NULL,
  `is_boy` tinyint(1) NOT NULL,
  `cur_exp` int(11) NOT NULL,
  PRIMARY KEY (`id`),
  UNIQUE KEY `user_id` (`user_id`),
  KEY `post_profile_340bd28f` (`level_id`),
  CONSTRAINT `level_id_refs_id_610c3b8a` FOREIGN KEY (`level_id`) REFERENCES `post_levelinfo` (`id`),
  CONSTRAINT `user_id_refs_id_5d3b4aac` FOREIGN KEY (`user_id`) REFERENCES `auth_user` (`id`)
) ENGINE=InnoDB DEFAULT CHARSET=utf8;
/*!40101 SET character_set_client = @saved_cs_client */;

--
-- Dumping data for table `post_profile`
--

LOCK TABLES `post_profile` WRITE;
/*!40000 ALTER TABLE `post_profile` DISABLE KEYS */;
/*!40000 ALTER TABLE `post_profile` ENABLE KEYS */;
UNLOCK TABLES;

--
-- Table structure for table `post_publisher`
--

DROP TABLE IF EXISTS `post_publisher`;
/*!40101 SET @saved_cs_client     = @@character_set_client */;
/*!40101 SET character_set_client = utf8 */;
CREATE TABLE `post_publisher` (
  `id` int(11) NOT NULL AUTO_INCREMENT,
  `has_publish` tinyint(1) NOT NULL,
  `publish_url` varchar(256) NOT NULL,
  PRIMARY KEY (`id`)
) ENGINE=InnoDB AUTO_INCREMENT=2 DEFAULT CHARSET=utf8;
/*!40101 SET character_set_client = @saved_cs_client */;

--
-- Dumping data for table `post_publisher`
--

LOCK TABLES `post_publisher` WRITE;
/*!40000 ALTER TABLE `post_publisher` DISABLE KEYS */;
INSERT INTO `post_publisher` VALUES (1,1,'/static/app/Apks_Shengji.apk');
/*!40000 ALTER TABLE `post_publisher` ENABLE KEYS */;
UNLOCK TABLES;

--
-- Table structure for table `post_reply`
--

DROP TABLE IF EXISTS `post_reply`;
/*!40101 SET @saved_cs_client     = @@character_set_client */;
/*!40101 SET character_set_client = utf8 */;
CREATE TABLE `post_reply` (
  `id` int(11) NOT NULL AUTO_INCREMENT,
  `user_id` int(11) DEFAULT NULL,
  `content` longtext NOT NULL,
  `is_public` tinyint(1) NOT NULL,
  `post_id` int(11) NOT NULL,
  `parent_id` int(11) DEFAULT NULL,
  `created` datetime NOT NULL,
  `pub_date` datetime NOT NULL,
  PRIMARY KEY (`id`),
  KEY `post_reply_403f60f` (`user_id`),
  KEY `post_reply_699ae8ca` (`post_id`),
  KEY `post_reply_63f17a16` (`parent_id`),
  CONSTRAINT `parent_id_refs_id_494bf993` FOREIGN KEY (`parent_id`) REFERENCES `post_reply` (`id`),
  CONSTRAINT `post_id_refs_id_600343c8` FOREIGN KEY (`post_id`) REFERENCES `post_post` (`id`),
  CONSTRAINT `user_id_refs_id_3c11527d` FOREIGN KEY (`user_id`) REFERENCES `auth_user` (`id`)
) ENGINE=InnoDB DEFAULT CHARSET=utf8;
/*!40101 SET character_set_client = @saved_cs_client */;

--
-- Dumping data for table `post_reply`
--

LOCK TABLES `post_reply` WRITE;
/*!40000 ALTER TABLE `post_reply` DISABLE KEYS */;
/*!40000 ALTER TABLE `post_reply` ENABLE KEYS */;
UNLOCK TABLES;

--
-- Table structure for table `post_vote`
--

DROP TABLE IF EXISTS `post_vote`;
/*!40101 SET @saved_cs_client     = @@character_set_client */;
/*!40101 SET character_set_client = utf8 */;
CREATE TABLE `post_vote` (
  `id` int(11) NOT NULL AUTO_INCREMENT,
  `post_id` int(11) NOT NULL,
  `ip` varchar(64) NOT NULL,
  `vote_date` datetime NOT NULL,
  PRIMARY KEY (`id`),
  KEY `post_vote_699ae8ca` (`post_id`),
  CONSTRAINT `post_id_refs_id_73b96a9` FOREIGN KEY (`post_id`) REFERENCES `post_post` (`id`)
) ENGINE=InnoDB DEFAULT CHARSET=utf8;
/*!40101 SET character_set_client = @saved_cs_client */;

--
-- Dumping data for table `post_vote`
--

LOCK TABLES `post_vote` WRITE;
/*!40000 ALTER TABLE `post_vote` DISABLE KEYS */;
/*!40000 ALTER TABLE `post_vote` ENABLE KEYS */;
UNLOCK TABLES;
/*!40103 SET TIME_ZONE=@OLD_TIME_ZONE */;

/*!40101 SET SQL_MODE=@OLD_SQL_MODE */;
/*!40014 SET FOREIGN_KEY_CHECKS=@OLD_FOREIGN_KEY_CHECKS */;
/*!40014 SET UNIQUE_CHECKS=@OLD_UNIQUE_CHECKS */;
/*!40101 SET CHARACTER_SET_CLIENT=@OLD_CHARACTER_SET_CLIENT */;
/*!40101 SET CHARACTER_SET_RESULTS=@OLD_CHARACTER_SET_RESULTS */;
/*!40101 SET COLLATION_CONNECTION=@OLD_COLLATION_CONNECTION */;
/*!40111 SET SQL_NOTES=@OLD_SQL_NOTES */;

-- Dump completed on 2012-11-09 22:31:18
